10/11/2009,2.3
11/11/2009,2.2
12/11/2009,2.2
13/11/2009,2.22
14/11/2009,2.24
15/11/2009,2.26
16/11/2009,2.28
17/11/2009,2.3
18/11/2009,2.30384615384615
19/11/2009,2.30769230769231
20/11/2009,2.31153846153846
21/11/2009,2.31538461538462
22/11/2009,2.31923076923077
23/11/2009,2.32307692307692
24/11/2009,2.32692307692308
25/11/2009,2.33076923076923
26/11/2009,2.33461538461538
27/11/2009,2.33846153846154
28/11/2009,2.34230769230769
29/11/2009,2.34615384615385
30/11/2009,2.35
01/12/2009,2.35161290322581
02/12/2009,2.35322580645161
03/12/2009,2.35483870967742
04/12/2009,2.35645161290323
05/12/2009,2.35806451612903
06/12/2009,2.35967741935484
07/12/2009,2.36129032258065
08/12/2009,2.36290322580645
09/12/2009,2.36451612903226
10/12/2009,2.36612903225806
11/12/2009,2.36774193548387
12/12/2009,2.36935483870968
13/12/2009,2.37096774193548
14/12/2009,2.37258064516129
15/12/2009,2.3741935483871
16/12/2009,2.3758064516129
17/12/2009,2.37741935483871
18/12/2009,2.37903225806452
19/12/2009,2.38064516129032
20/12/2009,2.38225806451613
21/12/2009,2.38387096774194
22/12/2009,2.38548387096774
23/12/2009,2.38709677419355
24/12/2009,2.38870967741935
25/12/2009,2.39032258064516
26/12/2009,2.39193548387097
27/12/2009,2.39354838709677
28/12/2009,2.39516129032258
29/12/2009,2.39677419354839
30/12/2009,2.39838709677419
31/12/2009,2.4
01/01/2010,2.40777777777778
02/01/2010,2.41555555555556
03/01/2010,2.42333333333333
04/01/2010,2.43111111111111
05/01/2010,2.43888888888889
06/01/2010,2.44666666666667
07/01/2010,2.45444444444444
08/01/2010,2.46222222222222
09/01/2010,2.47
10/01/2010,2.47777777777778
11/01/2010,2.48555555555556
12/01/2010,2.49333333333333
13/01/2010,2.50111111111111
14/01/2010,2.50888888888889
15/01/2010,2.51666666666667
16/01/2010,2.52444444444444
17/01/2010,2.53222222222222
18/01/2010,2.54
19/01/2010,2.54777777777778
20/01/2010,2.55555555555556
21/01/2010,2.56333333333333
22/01/2010,2.57111111111111
23/01/2010,2.57888888888889
24/01/2010,2.58666666666667
25/01/2010,2.59444444444444
26/01/2010,2.60222222222222
27/01/2010,2.61
28/01/2010,2.61777777777778
29/01/2010,2.62555555555556
30/01/2010,2.63333333333333
31/01/2010,2.64111111111111
01/02/2010,2.64888888888889
02/02/2010,2.65666666666667
03/02/2010,2.66444444444444
04/02/2010,2.67222222222222
05/02/2010,2.68
06/02/2010,2.68777777777778
07/02/2010,2.69555555555556
08/02/2010,2.70333333333333
09/02/2010,2.71111111111111
10/02/2010,2.71888888888889
11/02/2010,2.72666666666667
12/02/2010,2.73444444444444
13/02/2010,2.74222222222222
14/02/2010,2.75
15/02/2010,2.75777777777778
16/02/2010,2.76555555555556
17/02/2010,2.77333333333333
18/02/2010,2.78111111111111
19/02/2010,2.78888888888889
20/02/2010,2.79666666666667
21/02/2010,2.80444444444444
22/02/2010,2.81222222222222
23/02/2010,2.82
24/02/2010,2.82777777777778
25/02/2010,2.83555555555556
26/02/2010,2.84333333333333
27/02/2010,2.85111111111111
28/02/2010,2.85888888888889
01/03/2010,2.86666666666667
02/03/2010,2.87444444444444
03/03/2010,2.88222222222222
04/03/2010,2.89
05/03/2010,2.89777777777778
06/03/2010,2.90555555555556
07/03/2010,2.91333333333333
08/03/2010,2.92111111111111
09/03/2010,2.92888888888889
10/03/2010,2.93666666666667
11/03/2010,2.94444444444444
12/03/2010,2.95222222222222
13/03/2010,2.96
14/03/2010,2.96777777777778
15/03/2010,2.97555555555556
16/03/2010,2.98333333333333
17/03/2010,2.99111111111111
18/03/2010,2.99888888888889
19/03/2010,3.00666666666667
20/03/2010,3.01444444444444
21/03/2010,3.02222222222222
22/03/2010,3.03
23/03/2010,3.03777777777778
24/03/2010,3.04555555555556
25/03/2010,3.05333333333333
26/03/2010,3.06111111111111
27/03/2010,3.06888888888889
28/03/2010,3.07666666666667
29/03/2010,3.08444444444444
30/03/2010,3.09222222222222
31/03/2010,3.1
01/04/2010,3.1021978021978
02/04/2010,3.1043956043956
03/04/2010,3.10659340659341
04/04/2010,3.10879120879121
05/04/2010,3.11098901098901
06/04/2010,3.11318681318681
07/04/2010,3.11538461538462
08/04/2010,3.11758241758242
09/04/2010,3.11978021978022
10/04/2010,3.12197802197802
11/04/2010,3.12417582417582
12/04/2010,3.12637362637363
13/04/2010,3.12857142857143
14/04/2010,3.13076923076923
15/04/2010,3.13296703296703
16/04/2010,3.13516483516484
17/04/2010,3.13736263736264
18/04/2010,3.13956043956044
19/04/2010,3.14175824175824
20/04/2010,3.14395604395604
21/04/2010,3.14615384615385
22/04/2010,3.14835164835165
23/04/2010,3.15054945054945
24/04/2010,3.15274725274725
25/04/2010,3.15494505494505
26/04/2010,3.15714285714286
27/04/2010,3.15934065934066
28/04/2010,3.16153846153846
29/04/2010,3.16373626373626
30/04/2010,3.16593406593407
01/05/2010,3.16813186813187
02/05/2010,3.17032967032967
03/05/2010,3.17252747252747
04/05/2010,3.17472527472528
05/05/2010,3.17692307692308
06/05/2010,3.17912087912088
07/05/2010,3.18131868131868
08/05/2010,3.18351648351648
09/05/2010,3.18571428571429
10/05/2010,3.18791208791209
11/05/2010,3.19010989010989
12/05/2010,3.19230769230769
13/05/2010,3.19450549450549
14/05/2010,3.1967032967033
15/05/2010,3.1989010989011
16/05/2010,3.2010989010989
17/05/2010,3.2032967032967
18/05/2010,3.20549450549451
19/05/2010,3.20769230769231
20/05/2010,3.20989010989011
21/05/2010,3.21208791208791
22/05/2010,3.21428571428571
23/05/2010,3.21648351648352
24/05/2010,3.21868131868132
25/05/2010,3.22087912087912
26/05/2010,3.22307692307692
27/05/2010,3.22527472527473
28/05/2010,3.22747252747253
29/05/2010,3.22967032967033
30/05/2010,3.23186813186813
31/05/2010,3.23406593406593
01/06/2010,3.23626373626374
02/06/2010,3.23846153846154
03/06/2010,3.24065934065934
04/06/2010,3.24285714285714
05/06/2010,3.24505494505495
06/06/2010,3.24725274725275
07/06/2010,3.24945054945055
08/06/2010,3.25164835164835
09/06/2010,3.25384615384615
10/06/2010,3.25604395604396
11/06/2010,3.25824175824176
12/06/2010,3.26043956043956
13/06/2010,3.26263736263736
14/06/2010,3.26483516483516
15/06/2010,3.26703296703297
16/06/2010,3.26923076923077
17/06/2010,3.27142857142857
18/06/2010,3.27362637362637
19/06/2010,3.27582417582418
20/06/2010,3.27802197802198
21/06/2010,3.28021978021978
22/06/2010,3.28241758241758
23/06/2010,3.28461538461538
24/06/2010,3.28681318681319
25/06/2010,3.28901098901099
26/06/2010,3.29120879120879
27/06/2010,3.29340659340659
28/06/2010,3.2956043956044
29/06/2010,3.2978021978022
30/06/2010,3.3
01/07/2010,3.30075282308657
02/07/2010,3.30150564617315
03/07/2010,3.30225846925972
04/07/2010,3.3030112923463
05/07/2010,3.30376411543287
06/07/2010,3.30451693851945
07/07/2010,3.30526976160602
08/07/2010,3.3060225846926
09/07/2010,3.30677540777917
10/07/2010,3.30752823086575
11/07/2010,3.30828105395232
12/07/2010,3.3090338770389
13/07/2010,3.30978670012547
14/07/2010,3.31053952321205
15/07/2010,3.31129234629862
16/07/2010,3.31204516938519
17/07/2010,3.31279799247177
18/07/2010,3.31355081555834
19/07/2010,3.31430363864492
20/07/2010,3.31505646173149
21/07/2010,3.31580928481807
22/07/2010,3.31656210790464
23/07/2010,3.31731493099122
24/07/2010,3.31806775407779
25/07/2010,3.31882057716437
26/07/2010,3.31957340025094
27/07/2010,3.32032622333752
28/07/2010,3.32107904642409
29/07/2010,3.32183186951066
30/07/2010,3.32258469259724
31/07/2010,3.32333751568381
01/08/2010,3.32409033877039
02/08/2010,3.32484316185696
03/08/2010,3.32559598494354
04/08/2010,3.32634880803011
05/08/2010,3.32710163111669
06/08/2010,3.32785445420326
07/08/2010,3.32860727728984
08/08/2010,3.32936010037641
09/08/2010,3.33011292346299
10/08/2010,3.33086574654956
11/08/2010,3.33161856963614
12/08/2010,3.33237139272271
13/08/2010,3.33312421580928
14/08/2010,3.33387703889586
15/08/2010,3.33462986198243
16/08/2010,3.33538268506901
17/08/2010,3.33613550815558
18/08/2010,3.33688833124216
19/08/2010,3.33764115432873
20/08/2010,3.33839397741531
21/08/2010,3.33914680050188
22/08/2010,3.33989962358846
23/08/2010,3.34065244667503
24/08/2010,3.34140526976161
25/08/2010,3.34215809284818
26/08/2010,3.34291091593476
27/08/2010,3.34366373902133
28/08/2010,3.3444165621079
29/08/2010,3.34516938519448
30/08/2010,3.34592220828105
31/08/2010,3.34667503136763
01/09/2010,3.3474278544542
02/09/2010,3.34818067754078
03/09/2010,3.34893350062735
04/09/2010,3.34968632371393
05/09/2010,3.3504391468005
06/09/2010,3.35119196988708
07/09/2010,3.35194479297365
08/09/2010,3.35269761606023
09/09/2010,3.3534504391468
10/09/2010,3.35420326223338
11/09/2010,3.35495608531995
12/09/2010,3.35570890840652
13/09/2010,3.3564617314931
14/09/2010,3.35721455457967
15/09/2010,3.35796737766625
16/09/2010,3.35872020075282
17/09/2010,3.3594730238394
18/09/2010,3.36022584692597
19/09/2010,3.36097867001255
20/09/2010,3.36173149309912
21/09/2010,3.3624843161857
22/09/2010,3.36323713927227
23/09/2010,3.36398996235885
24/09/2010,3.36474278544542
25/09/2010,3.36549560853199
26/09/2010,3.36624843161857
27/09/2010,3.36700125470514
28/09/2010,3.36775407779172
29/09/2010,3.36850690087829
30/09/2010,3.36925972396487
01/10/2010,3.37001254705144
02/10/2010,3.37076537013802
03/10/2010,3.37151819322459
04/10/2010,3.37227101631117
05/10/2010,3.37302383939774
06/10/2010,3.37377666248432
07/10/2010,3.37452948557089
08/10/2010,3.37528230865747
09/10/2010,3.37603513174404
10/10/2010,3.37678795483061
11/10/2010,3.37754077791719
12/10/2010,3.37829360100376
13/10/2010,3.37904642409034
14/10/2010,3.37979924717691
15/10/2010,3.38055207026349
16/10/2010,3.38130489335006
17/10/2010,3.38205771643664
18/10/2010,3.38281053952321
19/10/2010,3.38356336260979
20/10/2010,3.38431618569636
21/10/2010,3.38506900878294
22/10/2010,3.38582183186951
23/10/2010,3.38657465495608
24/10/2010,3.38732747804266
25/10/2010,3.38808030112923
26/10/2010,3.38883312421581
27/10/2010,3.38958594730238
28/10/2010,3.39033877038896
29/10/2010,3.39109159347553
30/10/2010,3.39184441656211
31/10/2010,3.39259723964868
01/11/2010,3.39335006273526
02/11/2010,3.39410288582183
03/11/2010,3.39485570890841
04/11/2010,3.39560853199498
05/11/2010,3.39636135508156
06/11/2010,3.39711417816813
07/11/2010,3.39786700125471
08/11/2010,3.39861982434128
09/11/2010,3.39937264742785
10/11/2010,3.40012547051443
11/11/2010,3.400878293601
12/11/2010,3.40163111668758
13/11/2010,3.40238393977415
14/11/2010,3.40313676286073
15/11/2010,3.4038895859473
16/11/2010,3.40464240903388
17/11/2010,3.40539523212045
18/11/2010,3.40614805520703
19/11/2010,3.4069008782936
20/11/2010,3.40765370138018
21/11/2010,3.40840652446675
22/11/2010,3.40915934755333
23/11/2010,3.4099121706399
24/11/2010,3.41066499372647
25/11/2010,3.41141781681305
26/11/2010,3.41217063989962
27/11/2010,3.4129234629862
28/11/2010,3.41367628607277
29/11/2010,3.41442910915935
30/11/2010,3.41518193224592
01/12/2010,3.4159347553325
02/12/2010,3.41668757841907
03/12/2010,3.41744040150565
04/12/2010,3.41819322459222
05/12/2010,3.4189460476788
06/12/2010,3.41969887076537
07/12/2010,3.42045169385194
08/12/2010,3.42120451693852
09/12/2010,3.42195734002509
10/12/2010,3.42271016311167
11/12/2010,3.42346298619824
12/12/2010,3.42421580928482
13/12/2010,3.42496863237139
14/12/2010,3.42572145545797
15/12/2010,3.42647427854454
16/12/2010,3.42722710163112
17/12/2010,3.42797992471769
18/12/2010,3.42873274780427
19/12/2010,3.42948557089084
20/12/2010,3.43023839397742
21/12/2010,3.43099121706399
22/12/2010,3.43174404015056
23/12/2010,3.43249686323714
24/12/2010,3.43324968632371
25/12/2010,3.43400250941029
26/12/2010,3.43475533249686
27/12/2010,3.43550815558344
28/12/2010,3.43626097867001
29/12/2010,3.43701380175659
30/12/2010,3.43776662484316
31/12/2010,3.43851944792974
01/01/2011,3.43927227101631
02/01/2011,3.44002509410289
03/01/2011,3.44077791718946
04/01/2011,3.44153074027603
05/01/2011,3.44228356336261
06/01/2011,3.44303638644918
07/01/2011,3.44378920953576
08/01/2011,3.44454203262233
09/01/2011,3.44529485570891
10/01/2011,3.44604767879548
11/01/2011,3.44680050188206
12/01/2011,3.44755332496863
13/01/2011,3.44830614805521
14/01/2011,3.44905897114178
15/01/2011,3.44981179422836
16/01/2011,3.45056461731493
17/01/2011,3.45131744040151
18/01/2011,3.45207026348808
19/01/2011,3.45282308657465
20/01/2011,3.45357590966123
21/01/2011,3.4543287327478
22/01/2011,3.45508155583438
23/01/2011,3.45583437892095
24/01/2011,3.45658720200753
25/01/2011,3.4573400250941
26/01/2011,3.45809284818068
27/01/2011,3.45884567126725
28/01/2011,3.45959849435383
29/01/2011,3.4603513174404
30/01/2011,3.46110414052698
31/01/2011,3.46185696361355
01/02/2011,3.46260978670013
02/02/2011,3.4633626097867
03/02/2011,3.46411543287327
04/02/2011,3.46486825595985
05/02/2011,3.46562107904642
06/02/2011,3.466373902133
07/02/2011,3.46712672521957
08/02/2011,3.46787954830615
09/02/2011,3.46863237139272
10/02/2011,3.4693851944793
11/02/2011,3.47013801756587
12/02/2011,3.47089084065245
13/02/2011,3.47164366373902
14/02/2011,3.4723964868256
15/02/2011,3.47314930991217
16/02/2011,3.47390213299875
17/02/2011,3.47465495608532
18/02/2011,3.47540777917189
19/02/2011,3.47616060225847
20/02/2011,3.47691342534504
21/02/2011,3.47766624843162
22/02/2011,3.47841907151819
23/02/2011,3.47917189460477
24/02/2011,3.47992471769134
25/02/2011,3.48067754077792
26/02/2011,3.48143036386449
27/02/2011,3.48218318695107
28/02/2011,3.48293601003764
01/03/2011,3.48368883312422
02/03/2011,3.48444165621079
03/03/2011,3.48519447929736
04/03/2011,3.48594730238394
05/03/2011,3.48670012547051
06/03/2011,3.48745294855709
07/03/2011,3.48820577164366
08/03/2011,3.48895859473024
09/03/2011,3.48971141781681
10/03/2011,3.49046424090339
11/03/2011,3.49121706398996
12/03/2011,3.49196988707654
13/03/2011,3.49272271016311
14/03/2011,3.49347553324969
15/03/2011,3.49422835633626
16/03/2011,3.49498117942284
17/03/2011,3.49573400250941
18/03/2011,3.49648682559598
19/03/2011,3.49723964868256
20/03/2011,3.49799247176913
21/03/2011,3.49874529485571
22/03/2011,3.49949811794228
23/03/2011,3.50025094102886
24/03/2011,3.50100376411543
25/03/2011,3.50175658720201
26/03/2011,3.50250941028858
27/03/2011,3.50326223337516
28/03/2011,3.50401505646173
29/03/2011,3.50476787954831
30/03/2011,3.50552070263488
31/03/2011,3.50627352572146
01/04/2011,3.50702634880803
02/04/2011,3.5077791718946
03/04/2011,3.50853199498118
04/04/2011,3.50928481806775
05/04/2011,3.51003764115433
06/04/2011,3.5107904642409
07/04/2011,3.51154328732748
08/04/2011,3.51229611041405
09/04/2011,3.51304893350063
10/04/2011,3.5138017565872
11/04/2011,3.51455457967378
12/04/2011,3.51530740276035
13/04/2011,3.51606022584693
14/04/2011,3.5168130489335
15/04/2011,3.51756587202008
16/04/2011,3.51831869510665
17/04/2011,3.51907151819322
18/04/2011,3.5198243412798
19/04/2011,3.52057716436637
20/04/2011,3.52132998745295
21/04/2011,3.52208281053952
22/04/2011,3.5228356336261
23/04/2011,3.52358845671267
24/04/2011,3.52434127979925
25/04/2011,3.52509410288582
26/04/2011,3.5258469259724
27/04/2011,3.52659974905897
28/04/2011,3.52735257214555
29/04/2011,3.52810539523212
30/04/2011,3.5288582183187
01/05/2011,3.52961104140527
02/05/2011,3.53036386449184
03/05/2011,3.53111668757842
04/05/2011,3.53186951066499
05/05/2011,3.53262233375157
06/05/2011,3.53337515683814
07/05/2011,3.53412797992472
08/05/2011,3.53488080301129
09/05/2011,3.53563362609787
10/05/2011,3.53638644918444
11/05/2011,3.53713927227102
12/05/2011,3.53789209535759
13/05/2011,3.53864491844417
14/05/2011,3.53939774153074
15/05/2011,3.54015056461731
16/05/2011,3.54090338770389
17/05/2011,3.54165621079046
18/05/2011,3.54240903387704
19/05/2011,3.54316185696361
20/05/2011,3.54391468005019
21/05/2011,3.54466750313676
22/05/2011,3.54542032622334
23/05/2011,3.54617314930991
24/05/2011,3.54692597239649
25/05/2011,3.54767879548306
26/05/2011,3.54843161856964
27/05/2011,3.54918444165621
28/05/2011,3.54993726474279
29/05/2011,3.55069008782936
30/05/2011,3.55144291091593
31/05/2011,3.55219573400251
01/06/2011,3.55294855708908
02/06/2011,3.55370138017566
03/06/2011,3.55445420326223
04/06/2011,3.55520702634881
05/06/2011,3.55595984943538
06/06/2011,3.55671267252196
07/06/2011,3.55746549560853
08/06/2011,3.55821831869511
09/06/2011,3.55897114178168
10/06/2011,3.55972396486826
11/06/2011,3.56047678795483
12/06/2011,3.56122961104141
13/06/2011,3.56198243412798
14/06/2011,3.56273525721455
15/06/2011,3.56348808030113
16/06/2011,3.5642409033877
17/06/2011,3.56499372647428
18/06/2011,3.56574654956085
19/06/2011,3.56649937264743
20/06/2011,3.567252195734
21/06/2011,3.56800501882058
22/06/2011,3.56875784190715
23/06/2011,3.56951066499373
24/06/2011,3.5702634880803
25/06/2011,3.57101631116688
26/06/2011,3.57176913425345
27/06/2011,3.57252195734003
28/06/2011,3.5732747804266
29/06/2011,3.57402760351317
30/06/2011,3.57478042659975
01/07/2011,3.57553324968632
02/07/2011,3.5762860727729
03/07/2011,3.57703889585947
04/07/2011,3.57779171894605
05/07/2011,3.57854454203262
06/07/2011,3.5792973651192
07/07/2011,3.58005018820577
08/07/2011,3.58080301129235
09/07/2011,3.58155583437892
10/07/2011,3.5823086574655
11/07/2011,3.58306148055207
12/07/2011,3.58381430363864
13/07/2011,3.58456712672522
14/07/2011,3.58531994981179
15/07/2011,3.58607277289837
16/07/2011,3.58682559598494
17/07/2011,3.58757841907152
18/07/2011,3.58833124215809
19/07/2011,3.58908406524467
20/07/2011,3.58983688833124
21/07/2011,3.59058971141782
22/07/2011,3.59134253450439
23/07/2011,3.59209535759097
24/07/2011,3.59284818067754
25/07/2011,3.59360100376412
26/07/2011,3.59435382685069
27/07/2011,3.59510664993726
28/07/2011,3.59585947302384
29/07/2011,3.59661229611041
30/07/2011,3.59736511919699
31/07/2011,3.59811794228356
01/08/2011,3.59887076537014
02/08/2011,3.59962358845671
03/08/2011,3.60037641154329
04/08/2011,3.60112923462986
05/08/2011,3.60188205771644
06/08/2011,3.60263488080301
07/08/2011,3.60338770388959
08/08/2011,3.60414052697616
09/08/2011,3.60489335006274
10/08/2011,3.60564617314931
11/08/2011,3.60639899623588
12/08/2011,3.60715181932246
13/08/2011,3.60790464240903
14/08/2011,3.60865746549561
15/08/2011,3.60941028858218
16/08/2011,3.61016311166876
17/08/2011,3.61091593475533
18/08/2011,3.61166875784191
19/08/2011,3.61242158092848
20/08/2011,3.61317440401506
21/08/2011,3.61392722710163
22/08/2011,3.61468005018821
23/08/2011,3.61543287327478
24/08/2011,3.61618569636136
25/08/2011,3.61693851944793
26/08/2011,3.6176913425345
27/08/2011,3.61844416562108
28/08/2011,3.61919698870765
29/08/2011,3.61994981179423
30/08/2011,3.6207026348808
31/08/2011,3.62145545796738
01/09/2011,3.62220828105395
02/09/2011,3.62296110414053
03/09/2011,3.6237139272271
04/09/2011,3.62446675031368
05/09/2011,3.62521957340025
06/09/2011,3.62597239648683
07/09/2011,3.6267252195734
08/09/2011,3.62747804265998
09/09/2011,3.62823086574655
10/09/2011,3.62898368883312
11/09/2011,3.6297365119197
12/09/2011,3.63048933500627
13/09/2011,3.63124215809285
14/09/2011,3.63199498117942
15/09/2011,3.632747804266
16/09/2011,3.63350062735257
17/09/2011,3.63425345043915
18/09/2011,3.63500627352572
19/09/2011,3.6357590966123
20/09/2011,3.63651191969887
21/09/2011,3.63726474278545
22/09/2011,3.63801756587202
23/09/2011,3.63877038895859
24/09/2011,3.63952321204517
25/09/2011,3.64027603513174
26/09/2011,3.64102885821832
27/09/2011,3.64178168130489
28/09/2011,3.64253450439147
29/09/2011,3.64328732747804
30/09/2011,3.64404015056462
01/10/2011,3.64479297365119
02/10/2011,3.64554579673777
03/10/2011,3.64629861982434
04/10/2011,3.64705144291092
05/10/2011,3.64780426599749
06/10/2011,3.64855708908407
07/10/2011,3.64930991217064
08/10/2011,3.65006273525721
09/10/2011,3.65081555834379
10/10/2011,3.65156838143036
11/10/2011,3.65232120451694
12/10/2011,3.65307402760351
13/10/2011,3.65382685069009
14/10/2011,3.65457967377666
15/10/2011,3.65533249686324
16/10/2011,3.65608531994981
17/10/2011,3.65683814303639
18/10/2011,3.65759096612296
19/10/2011,3.65834378920954
20/10/2011,3.65909661229611
21/10/2011,3.65984943538268
22/10/2011,3.66060225846926
23/10/2011,3.66135508155583
24/10/2011,3.66210790464241
25/10/2011,3.66286072772898
26/10/2011,3.66361355081556
27/10/2011,3.66436637390213
28/10/2011,3.66511919698871
29/10/2011,3.66587202007528
30/10/2011,3.66662484316186
31/10/2011,3.66737766624843
01/11/2011,3.66813048933501
02/11/2011,3.66888331242158
03/11/2011,3.66963613550816
04/11/2011,3.67038895859473
05/11/2011,3.6711417816813
06/11/2011,3.67189460476788
07/11/2011,3.67264742785445
08/11/2011,3.67340025094103
09/11/2011,3.6741530740276
10/11/2011,3.67490589711418
11/11/2011,3.67565872020075
12/11/2011,3.67641154328733
13/11/2011,3.6771643663739
14/11/2011,3.67791718946048
15/11/2011,3.67867001254705
16/11/2011,3.67942283563363
17/11/2011,3.6801756587202
18/11/2011,3.68092848180678
19/11/2011,3.68168130489335
20/11/2011,3.68243412797992
21/11/2011,3.6831869510665
22/11/2011,3.68393977415307
23/11/2011,3.68469259723965
24/11/2011,3.68544542032622
25/11/2011,3.6861982434128
26/11/2011,3.68695106649937
27/11/2011,3.68770388958595
28/11/2011,3.68845671267252
29/11/2011,3.6892095357591
30/11/2011,3.68996235884567
01/12/2011,3.69071518193225
02/12/2011,3.69146800501882
03/12/2011,3.69222082810539
04/12/2011,3.69297365119197
05/12/2011,3.69372647427854
06/12/2011,3.69447929736512
07/12/2011,3.69523212045169
08/12/2011,3.69598494353827
09/12/2011,3.69673776662484
10/12/2011,3.69749058971142
11/12/2011,3.69824341279799
12/12/2011,3.69899623588457
13/12/2011,3.69974905897114
14/12/2011,3.70050188205772
15/12/2011,3.70125470514429
16/12/2011,3.70200752823087
17/12/2011,3.70276035131744
18/12/2011,3.70351317440402
19/12/2011,3.70426599749059
20/12/2011,3.70501882057716
21/12/2011,3.70577164366374
22/12/2011,3.70652446675031
23/12/2011,3.70727728983689
24/12/2011,3.70803011292346
25/12/2011,3.70878293601004
26/12/2011,3.70953575909661
27/12/2011,3.71028858218319
28/12/2011,3.71104140526976
29/12/2011,3.71179422835634
30/12/2011,3.71254705144291
31/12/2011,3.71329987452949
01/01/2012,3.71405269761606
02/01/2012,3.71480552070263
03/01/2012,3.71555834378921
04/01/2012,3.71631116687578
05/01/2012,3.71706398996236
06/01/2012,3.71781681304893
07/01/2012,3.71856963613551
08/01/2012,3.71932245922208
09/01/2012,3.72007528230866
10/01/2012,3.72082810539523
11/01/2012,3.72158092848181
12/01/2012,3.72233375156838
13/01/2012,3.72308657465496
14/01/2012,3.72383939774153
15/01/2012,3.72459222082811
16/01/2012,3.72534504391468
17/01/2012,3.72609786700125
18/01/2012,3.72685069008783
19/01/2012,3.7276035131744
20/01/2012,3.72835633626098
21/01/2012,3.72910915934755
22/01/2012,3.72986198243413
23/01/2012,3.7306148055207
24/01/2012,3.73136762860728
25/01/2012,3.73212045169385
26/01/2012,3.73287327478043
27/01/2012,3.733626097867
28/01/2012,3.73437892095358
29/01/2012,3.73513174404015
30/01/2012,3.73588456712673
31/01/2012,3.7366373902133
01/02/2012,3.73739021329987
02/02/2012,3.73814303638645
03/02/2012,3.73889585947302
04/02/2012,3.7396486825596
05/02/2012,3.74040150564617
06/02/2012,3.74115432873275
07/02/2012,3.74190715181932
08/02/2012,3.7426599749059
09/02/2012,3.74341279799247
10/02/2012,3.74416562107905
11/02/2012,3.74491844416562
12/02/2012,3.7456712672522
13/02/2012,3.74642409033877
14/02/2012,3.74717691342534
15/02/2012,3.74792973651192
16/02/2012,3.74868255959849
17/02/2012,3.74943538268507
18/02/2012,3.75018820577164
19/02/2012,3.75094102885822
20/02/2012,3.75169385194479
21/02/2012,3.75244667503137
22/02/2012,3.75319949811794
23/02/2012,3.75395232120452
24/02/2012,3.75470514429109
25/02/2012,3.75545796737767
26/02/2012,3.75621079046424
27/02/2012,3.75696361355082
28/02/2012,3.75771643663739
29/02/2012,3.75846925972396
01/03/2012,3.75922208281054
02/03/2012,3.75997490589711
03/03/2012,3.76072772898369
04/03/2012,3.76148055207026
05/03/2012,3.76223337515684
06/03/2012,3.76298619824341
07/03/2012,3.76373902132999
08/03/2012,3.76449184441656
09/03/2012,3.76524466750314
10/03/2012,3.76599749058971
11/03/2012,3.76675031367629
12/03/2012,3.76750313676286
13/03/2012,3.76825595984944
14/03/2012,3.76900878293601
15/03/2012,3.76976160602258
16/03/2012,3.77051442910916
17/03/2012,3.77126725219573
18/03/2012,3.77202007528231
19/03/2012,3.77277289836888
20/03/2012,3.77352572145546
21/03/2012,3.77427854454203
22/03/2012,3.77503136762861
23/03/2012,3.77578419071518
24/03/2012,3.77653701380176
25/03/2012,3.77728983688833
26/03/2012,3.77804265997491
27/03/2012,3.77879548306148
28/03/2012,3.77954830614806
29/03/2012,3.78030112923463
30/03/2012,3.7810539523212
31/03/2012,3.78180677540778
01/04/2012,3.78255959849435
02/04/2012,3.78331242158093
03/04/2012,3.7840652446675
04/04/2012,3.78481806775408
05/04/2012,3.78557089084065
06/04/2012,3.78632371392723
07/04/2012,3.7870765370138
08/04/2012,3.78782936010038
09/04/2012,3.78858218318695
10/04/2012,3.78933500627353
11/04/2012,3.7900878293601
12/04/2012,3.79084065244667
13/04/2012,3.79159347553325
14/04/2012,3.79234629861982
15/04/2012,3.7930991217064
16/04/2012,3.79385194479297
17/04/2012,3.79460476787955
18/04/2012,3.79535759096612
19/04/2012,3.7961104140527
20/04/2012,3.79686323713927
21/04/2012,3.79761606022585
22/04/2012,3.79836888331242
23/04/2012,3.799121706399
24/04/2012,3.79987452948557
25/04/2012,3.80062735257215
26/04/2012,3.80138017565872
27/04/2012,3.80213299874529
28/04/2012,3.80288582183187
29/04/2012,3.80363864491844
30/04/2012,3.80439146800502
01/05/2012,3.80514429109159
02/05/2012,3.80589711417817
03/05/2012,3.80664993726474
04/05/2012,3.80740276035132
05/05/2012,3.80815558343789
06/05/2012,3.80890840652447
07/05/2012,3.80966122961104
08/05/2012,3.81041405269762
09/05/2012,3.81116687578419
10/05/2012,3.81191969887077
11/05/2012,3.81267252195734
12/05/2012,3.81342534504391
13/05/2012,3.81417816813049
14/05/2012,3.81493099121706
15/05/2012,3.81568381430364
16/05/2012,3.81643663739021
17/05/2012,3.81718946047679
18/05/2012,3.81794228356336
19/05/2012,3.81869510664994
20/05/2012,3.81944792973651
21/05/2012,3.82020075282309
22/05/2012,3.82095357590966
23/05/2012,3.82170639899624
24/05/2012,3.82245922208281
25/05/2012,3.82321204516939
26/05/2012,3.82396486825596
27/05/2012,3.82471769134253
28/05/2012,3.82547051442911
29/05/2012,3.82622333751568
30/05/2012,3.82697616060226
31/05/2012,3.82772898368883
01/06/2012,3.82848180677541
02/06/2012,3.82923462986198
03/06/2012,3.82998745294856
04/06/2012,3.83074027603513
05/06/2012,3.83149309912171
06/06/2012,3.83224592220828
07/06/2012,3.83299874529486
08/06/2012,3.83375156838143
09/06/2012,3.83450439146801
10/06/2012,3.83525721455458
11/06/2012,3.83601003764115
12/06/2012,3.83676286072773
13/06/2012,3.8375156838143
14/06/2012,3.83826850690088
15/06/2012,3.83902132998745
16/06/2012,3.83977415307403
17/06/2012,3.8405269761606
18/06/2012,3.84127979924718
19/06/2012,3.84203262233375
20/06/2012,3.84278544542033
21/06/2012,3.8435382685069
22/06/2012,3.84429109159348
23/06/2012,3.84504391468005
24/06/2012,3.84579673776662
25/06/2012,3.8465495608532
26/06/2012,3.84730238393977
27/06/2012,3.84805520702635
28/06/2012,3.84880803011292
29/06/2012,3.8495608531995
30/06/2012,3.85031367628607
01/07/2012,3.85106649937265
02/07/2012,3.85181932245922
03/07/2012,3.8525721455458
04/07/2012,3.85332496863237
05/07/2012,3.85407779171895
06/07/2012,3.85483061480552
07/07/2012,3.8555834378921
08/07/2012,3.85633626097867
09/07/2012,3.85708908406524
10/07/2012,3.85784190715182
11/07/2012,3.85859473023839
12/07/2012,3.85934755332497
13/07/2012,3.86010037641154
14/07/2012,3.86085319949812
15/07/2012,3.86160602258469
16/07/2012,3.86235884567127
17/07/2012,3.86311166875784
18/07/2012,3.86386449184442
19/07/2012,3.86461731493099
20/07/2012,3.86537013801757
21/07/2012,3.86612296110414
22/07/2012,3.86687578419071
23/07/2012,3.86762860727729
24/07/2012,3.86838143036386
25/07/2012,3.86913425345044
26/07/2012,3.86988707653701
27/07/2012,3.87063989962359
28/07/2012,3.87139272271016
29/07/2012,3.87214554579674
30/07/2012,3.87289836888331
31/07/2012,3.87365119196989
01/08/2012,3.87440401505646
02/08/2012,3.87515683814304
03/08/2012,3.87590966122961
04/08/2012,3.87666248431619
05/08/2012,3.87741530740276
06/08/2012,3.87816813048934
07/08/2012,3.87892095357591
08/08/2012,3.87967377666248
09/08/2012,3.88042659974906
10/08/2012,3.88117942283563
11/08/2012,3.88193224592221
12/08/2012,3.88268506900878
13/08/2012,3.88343789209536
14/08/2012,3.88419071518193
15/08/2012,3.88494353826851
16/08/2012,3.88569636135508
17/08/2012,3.88644918444166
18/08/2012,3.88720200752823
19/08/2012,3.88795483061481
20/08/2012,3.88870765370138
21/08/2012,3.88946047678795
22/08/2012,3.89021329987453
23/08/2012,3.8909661229611
24/08/2012,3.89171894604768
25/08/2012,3.89247176913425
26/08/2012,3.89322459222083
27/08/2012,3.8939774153074
28/08/2012,3.89473023839398
29/08/2012,3.89548306148055
30/08/2012,3.89623588456713
31/08/2012,3.8969887076537
01/09/2012,3.89774153074028
02/09/2012,3.89849435382685
03/09/2012,3.89924717691343
04/09/2012,3.9
05/09/2012,3.90075282308657
06/09/2012,3.90150564617315
07/09/2012,3.90225846925972
08/09/2012,3.9030112923463
09/09/2012,3.90376411543287
10/09/2012,3.90451693851945
11/09/2012,3.90526976160602
12/09/2012,3.9060225846926
13/09/2012,3.90677540777917
14/09/2012,3.90752823086575
15/09/2012,3.90828105395232
16/09/2012,3.9090338770389
17/09/2012,3.90978670012547
18/09/2012,3.91053952321205
19/09/2012,3.91129234629862
20/09/2012,3.91204516938519
21/09/2012,3.91279799247177
22/09/2012,3.91355081555834
23/09/2012,3.91430363864492
24/09/2012,3.91505646173149
25/09/2012,3.91580928481807
26/09/2012,3.91656210790464
27/09/2012,3.91731493099122
28/09/2012,3.91806775407779
29/09/2012,3.91882057716437
30/09/2012,3.91957340025094
01/10/2012,3.92032622333752
02/10/2012,3.92107904642409
03/10/2012,3.92183186951066
04/10/2012,3.92258469259724
05/10/2012,3.92333751568381
06/10/2012,3.92409033877039
07/10/2012,3.92484316185696
08/10/2012,3.92559598494354
09/10/2012,3.92634880803011
10/10/2012,3.92710163111669
11/10/2012,3.92785445420326
12/10/2012,3.92860727728984
13/10/2012,3.92936010037641
14/10/2012,3.93011292346299
15/10/2012,3.93086574654956
16/10/2012,3.93161856963614
17/10/2012,3.93237139272271
18/10/2012,3.93312421580929
19/10/2012,3.93387703889586
20/10/2012,3.93462986198243
21/10/2012,3.93538268506901
22/10/2012,3.93613550815558
23/10/2012,3.93688833124216
24/10/2012,3.93764115432873
25/10/2012,3.93839397741531
26/10/2012,3.93914680050188
27/10/2012,3.93989962358846
28/10/2012,3.94065244667503
29/10/2012,3.94140526976161
30/10/2012,3.94215809284818
31/10/2012,3.94291091593476
01/11/2012,3.94366373902133
02/11/2012,3.9444165621079
03/11/2012,3.94516938519448
04/11/2012,3.94592220828105
05/11/2012,3.94667503136763
06/11/2012,3.9474278544542
07/11/2012,3.94818067754078
08/11/2012,3.94893350062735
09/11/2012,3.94968632371393
10/11/2012,3.9504391468005
11/11/2012,3.95119196988708
12/11/2012,3.95194479297365
13/11/2012,3.95269761606023
14/11/2012,3.9534504391468
15/11/2012,3.95420326223338
16/11/2012,3.95495608531995
17/11/2012,3.95570890840652
18/11/2012,3.9564617314931
19/11/2012,3.95721455457967
20/11/2012,3.95796737766625
21/11/2012,3.95872020075282
22/11/2012,3.9594730238394
23/11/2012,3.96022584692597
24/11/2012,3.96097867001255
25/11/2012,3.96173149309912
26/11/2012,3.9624843161857
27/11/2012,3.96323713927227
28/11/2012,3.96398996235885
29/11/2012,3.96474278544542
30/11/2012,3.96549560853199
01/12/2012,3.96624843161857
02/12/2012,3.96700125470514
03/12/2012,3.96775407779172
04/12/2012,3.96850690087829
05/12/2012,3.96925972396487
06/12/2012,3.97001254705144
07/12/2012,3.97076537013802
08/12/2012,3.97151819322459
09/12/2012,3.97227101631117
10/12/2012,3.97302383939774
11/12/2012,3.97377666248432
12/12/2012,3.97452948557089
13/12/2012,3.97528230865747
14/12/2012,3.97603513174404
15/12/2012,3.97678795483061
16/12/2012,3.97754077791719
17/12/2012,3.97829360100376
18/12/2012,3.97904642409034
19/12/2012,3.97979924717691
20/12/2012,3.98055207026349
21/12/2012,3.98130489335006
22/12/2012,3.98205771643664
23/12/2012,3.98281053952321
24/12/2012,3.98356336260979
25/12/2012,3.98431618569636
26/12/2012,3.98506900878294
27/12/2012,3.98582183186951
28/12/2012,3.98657465495609
29/12/2012,3.98732747804266
30/12/2012,3.98808030112923
31/12/2012,3.98883312421581
01/01/2013,3.98958594730238
02/01/2013,3.99033877038896
03/01/2013,3.99109159347553
04/01/2013,3.99184441656211
05/01/2013,3.99259723964868
06/01/2013,3.99335006273526
07/01/2013,3.99410288582183
08/01/2013,3.99485570890841
09/01/2013,3.99560853199498
10/01/2013,3.99636135508156
11/01/2013,3.99711417816813
12/01/2013,3.99786700125471
13/01/2013,3.99861982434128
14/01/2013,3.99937264742785
15/01/2013,4.00012547051443
16/01/2013,4.000878293601
17/01/2013,4.00163111668758
18/01/2013,4.00238393977415
19/01/2013,4.00313676286073
20/01/2013,4.0038895859473
21/01/2013,4.00464240903388
22/01/2013,4.00539523212045
23/01/2013,4.00614805520703
24/01/2013,4.0069008782936
25/01/2013,4.00765370138018
26/01/2013,4.00840652446675
27/01/2013,4.00915934755333
28/01/2013,4.0099121706399
29/01/2013,4.01066499372647
30/01/2013,4.01141781681305
31/01/2013,4.01217063989962
01/02/2013,4.0129234629862
02/02/2013,4.01367628607277
03/02/2013,4.01442910915935
04/02/2013,4.01518193224592
05/02/2013,4.0159347553325
06/02/2013,4.01668757841907
07/02/2013,4.01744040150565
08/02/2013,4.01819322459222
09/02/2013,4.0189460476788
10/02/2013,4.01969887076537
11/02/2013,4.02045169385194
12/02/2013,4.02120451693852
13/02/2013,4.02195734002509
14/02/2013,4.02271016311167
15/02/2013,4.02346298619824
16/02/2013,4.02421580928482
17/02/2013,4.02496863237139
18/02/2013,4.02572145545797
19/02/2013,4.02647427854454
20/02/2013,4.02722710163112
21/02/2013,4.02797992471769
22/02/2013,4.02873274780427
23/02/2013,4.02948557089084
24/02/2013,4.03023839397741
25/02/2013,4.03099121706399
26/02/2013,4.03174404015056
27/02/2013,4.03249686323714
28/02/2013,4.03324968632371
01/03/2013,4.03400250941029
02/03/2013,4.03475533249686
03/03/2013,4.03550815558344
04/03/2013,4.03626097867001
05/03/2013,4.03701380175659
06/03/2013,4.03776662484316
07/03/2013,4.03851944792974
08/03/2013,4.03927227101631
09/03/2013,4.04002509410289
10/03/2013,4.04077791718946
11/03/2013,4.04153074027604
12/03/2013,4.04228356336261
13/03/2013,4.04303638644918
14/03/2013,4.04378920953576
15/03/2013,4.04454203262233
16/03/2013,4.04529485570891
17/03/2013,4.04604767879548
18/03/2013,4.04680050188206
19/03/2013,4.04755332496863
20/03/2013,4.04830614805521
21/03/2013,4.04905897114178
22/03/2013,4.04981179422836
23/03/2013,4.05056461731493
24/03/2013,4.05131744040151
25/03/2013,4.05207026348808
26/03/2013,4.05282308657466
27/03/2013,4.05357590966123
28/03/2013,4.0543287327478
29/03/2013,4.05508155583438
30/03/2013,4.05583437892095
31/03/2013,4.05658720200753
01/04/2013,4.0573400250941
02/04/2013,4.05809284818068
03/04/2013,4.05884567126725
04/04/2013,4.05959849435383
05/04/2013,4.0603513174404
06/04/2013,4.06110414052698
07/04/2013,4.06185696361355
08/04/2013,4.06260978670013
09/04/2013,4.0633626097867
10/04/2013,4.06411543287327
11/04/2013,4.06486825595985
12/04/2013,4.06562107904642
13/04/2013,4.066373902133
14/04/2013,4.06712672521957
15/04/2013,4.06787954830615
16/04/2013,4.06863237139272
17/04/2013,4.0693851944793
18/04/2013,4.07013801756587
19/04/2013,4.07089084065245
20/04/2013,4.07164366373902
21/04/2013,4.0723964868256
22/04/2013,4.07314930991217
23/04/2013,4.07390213299874
24/04/2013,4.07465495608532
25/04/2013,4.07540777917189
26/04/2013,4.07616060225847
27/04/2013,4.07691342534504
28/04/2013,4.07766624843162
29/04/2013,4.07841907151819
30/04/2013,4.07917189460477
01/05/2013,4.07992471769134
02/05/2013,4.08067754077792
03/05/2013,4.08143036386449
04/05/2013,4.08218318695107
05/05/2013,4.08293601003764
06/05/2013,4.08368883312422
07/05/2013,4.08444165621079
08/05/2013,4.08519447929736
09/05/2013,4.08594730238394
10/05/2013,4.08670012547051
11/05/2013,4.08745294855709
12/05/2013,4.08820577164366
13/05/2013,4.08895859473024
14/05/2013,4.08971141781681
15/05/2013,4.09046424090339
16/05/2013,4.09121706398996
17/05/2013,4.09196988707654
18/05/2013,4.09272271016311
19/05/2013,4.09347553324969
20/05/2013,4.09422835633626
21/05/2013,4.09498117942284
22/05/2013,4.09573400250941
23/05/2013,4.09648682559599
24/05/2013,4.09723964868256
25/05/2013,4.09799247176913
26/05/2013,4.09874529485571
27/05/2013,4.09949811794228
28/05/2013,4.10025094102886
29/05/2013,4.10100376411543
30/05/2013,4.10175658720201
31/05/2013,4.10250941028858
01/06/2013,4.10326223337516
02/06/2013,4.10401505646173
03/06/2013,4.10476787954831
04/06/2013,4.10552070263488
05/06/2013,4.10627352572146
06/06/2013,4.10702634880803
07/06/2013,4.10777917189461
08/06/2013,4.10853199498118
09/06/2013,4.10928481806775
10/06/2013,4.11003764115433
11/06/2013,4.1107904642409
12/06/2013,4.11154328732748
13/06/2013,4.11229611041405
14/06/2013,4.11304893350063
15/06/2013,4.1138017565872
16/06/2013,4.11455457967378
17/06/2013,4.11530740276035
18/06/2013,4.11606022584693
19/06/2013,4.1168130489335
20/06/2013,4.11756587202008
21/06/2013,4.11831869510665
22/06/2013,4.11907151819322
23/06/2013,4.1198243412798
24/06/2013,4.12057716436637
25/06/2013,4.12132998745295
26/06/2013,4.12208281053952
27/06/2013,4.1228356336261
28/06/2013,4.12358845671267
29/06/2013,4.12434127979925
30/06/2013,4.12509410288582
01/07/2013,4.1258469259724
02/07/2013,4.12659974905897
03/07/2013,4.12735257214555
04/07/2013,4.12810539523212
05/07/2013,4.12885821831869
06/07/2013,4.12961104140527
07/07/2013,4.13036386449184
08/07/2013,4.13111668757842
09/07/2013,4.13186951066499
10/07/2013,4.13262233375157
11/07/2013,4.13337515683814
12/07/2013,4.13412797992472
13/07/2013,4.13488080301129
14/07/2013,4.13563362609787
15/07/2013,4.13638644918444
16/07/2013,4.13713927227102
17/07/2013,4.13789209535759
18/07/2013,4.13864491844417
19/07/2013,4.13939774153074
20/07/2013,4.14015056461731
21/07/2013,4.14090338770389
22/07/2013,4.14165621079046
23/07/2013,4.14240903387704
24/07/2013,4.14316185696361
25/07/2013,4.14391468005019
26/07/2013,4.14466750313676
27/07/2013,4.14542032622334
28/07/2013,4.14617314930991
29/07/2013,4.14692597239649
30/07/2013,4.14767879548306
31/07/2013,4.14843161856964
01/08/2013,4.14918444165621
02/08/2013,4.14993726474279
03/08/2013,4.15069008782936
04/08/2013,4.15144291091593
05/08/2013,4.15219573400251
06/08/2013,4.15294855708908
07/08/2013,4.15370138017566
08/08/2013,4.15445420326223
09/08/2013,4.15520702634881
10/08/2013,4.15595984943538
11/08/2013,4.15671267252196
12/08/2013,4.15746549560853
13/08/2013,4.15821831869511
14/08/2013,4.15897114178168
15/08/2013,4.15972396486826
16/08/2013,4.16047678795483
17/08/2013,4.1612296110414
18/08/2013,4.16198243412798
19/08/2013,4.16273525721455
20/08/2013,4.16348808030113
21/08/2013,4.1642409033877
22/08/2013,4.16499372647428
23/08/2013,4.16574654956085
24/08/2013,4.16649937264743
25/08/2013,4.167252195734
26/08/2013,4.16800501882058
27/08/2013,4.16875784190715
28/08/2013,4.16951066499373
29/08/2013,4.1702634880803
30/08/2013,4.17101631116688
31/08/2013,4.17176913425345
01/09/2013,4.17252195734002
02/09/2013,4.1732747804266
03/09/2013,4.17402760351317
04/09/2013,4.17478042659975
05/09/2013,4.17553324968632
06/09/2013,4.1762860727729
07/09/2013,4.17703889585947
08/09/2013,4.17779171894605
09/09/2013,4.17854454203262
10/09/2013,4.1792973651192
11/09/2013,4.18005018820577
12/09/2013,4.18080301129235
13/09/2013,4.18155583437892
14/09/2013,4.1823086574655
15/09/2013,4.18306148055207
16/09/2013,4.18381430363864
17/09/2013,4.18456712672522
18/09/2013,4.18531994981179
19/09/2013,4.18607277289837
20/09/2013,4.18682559598494
21/09/2013,4.18757841907152
22/09/2013,4.18833124215809
23/09/2013,4.18908406524467
24/09/2013,4.18983688833124
25/09/2013,4.19058971141782
26/09/2013,4.19134253450439
27/09/2013,4.19209535759097
28/09/2013,4.19284818067754
29/09/2013,4.19360100376412
30/09/2013,4.19435382685069
01/10/2013,4.19510664993726
02/10/2013,4.19585947302384
03/10/2013,4.19661229611041
04/10/2013,4.19736511919699
05/10/2013,4.19811794228356
06/10/2013,4.19887076537014
07/10/2013,4.19962358845671
08/10/2013,4.20037641154329
09/10/2013,4.20112923462986
10/10/2013,4.20188205771644
11/10/2013,4.20263488080301
12/10/2013,4.20338770388959
13/10/2013,4.20414052697616
14/10/2013,4.20489335006274
15/10/2013,4.20564617314931
16/10/2013,4.20639899623588
17/10/2013,4.20715181932246
18/10/2013,4.20790464240903
19/10/2013,4.20865746549561
20/10/2013,4.20941028858218
21/10/2013,4.21016311166876
22/10/2013,4.21091593475533
23/10/2013,4.21166875784191
24/10/2013,4.21242158092848
25/10/2013,4.21317440401506
26/10/2013,4.21392722710163
27/10/2013,4.21468005018821
28/10/2013,4.21543287327478
29/10/2013,4.21618569636135
30/10/2013,4.21693851944793
31/10/2013,4.2176913425345
01/11/2013,4.21844416562108
02/11/2013,4.21919698870765
03/11/2013,4.21994981179423
04/11/2013,4.2207026348808
05/11/2013,4.22145545796738
06/11/2013,4.22220828105395
07/11/2013,4.22296110414053
08/11/2013,4.2237139272271
09/11/2013,4.22446675031368
10/11/2013,4.22521957340025
11/11/2013,4.22597239648683
12/11/2013,4.2267252195734
13/11/2013,4.22747804265997
14/11/2013,4.22823086574655
15/11/2013,4.22898368883312
16/11/2013,4.2297365119197
17/11/2013,4.23048933500627
18/11/2013,4.23124215809285
19/11/2013,4.23199498117942
20/11/2013,4.232747804266
21/11/2013,4.23350062735257
22/11/2013,4.23425345043915
23/11/2013,4.23500627352572
24/11/2013,4.2357590966123
25/11/2013,4.23651191969887
26/11/2013,4.23726474278545
27/11/2013,4.23801756587202
28/11/2013,4.23877038895859
29/11/2013,4.23952321204517
30/11/2013,4.24027603513174
01/12/2013,4.24102885821832
02/12/2013,4.24178168130489
03/12/2013,4.24253450439147
04/12/2013,4.24328732747804
05/12/2013,4.24404015056462
06/12/2013,4.24479297365119
07/12/2013,4.24554579673777
08/12/2013,4.24629861982434
09/12/2013,4.24705144291092
10/12/2013,4.24780426599749
11/12/2013,4.24855708908407
12/12/2013,4.24930991217064
13/12/2013,4.25006273525721
14/12/2013,4.25081555834379
15/12/2013,4.25156838143036
16/12/2013,4.25232120451694
17/12/2013,4.25307402760351
18/12/2013,4.25382685069009
19/12/2013,4.25457967377666
20/12/2013,4.25533249686324
21/12/2013,4.25608531994981
22/12/2013,4.25683814303639
23/12/2013,4.25759096612296
24/12/2013,4.25834378920954
25/12/2013,4.25909661229611
26/12/2013,4.25984943538269
27/12/2013,4.26060225846926
28/12/2013,4.26135508155583
29/12/2013,4.26210790464241
30/12/2013,4.26286072772898
31/12/2013,4.26361355081556
01/01/2014,4.26436637390213
02/01/2014,4.26511919698871
03/01/2014,4.26587202007528
04/01/2014,4.26662484316186
05/01/2014,4.26737766624843
06/01/2014,4.26813048933501
07/01/2014,4.26888331242158
08/01/2014,4.26963613550816
09/01/2014,4.27038895859473
10/01/2014,4.2711417816813
11/01/2014,4.27189460476788
12/01/2014,4.27264742785445
13/01/2014,4.27340025094103
14/01/2014,4.2741530740276
15/01/2014,4.27490589711418
16/01/2014,4.27565872020075
17/01/2014,4.27641154328733
18/01/2014,4.2771643663739
19/01/2014,4.27791718946048
20/01/2014,4.27867001254705
21/01/2014,4.27942283563363
22/01/2014,4.2801756587202
23/01/2014,4.28092848180678
24/01/2014,4.28168130489335
25/01/2014,4.28243412797992
26/01/2014,4.2831869510665
27/01/2014,4.28393977415307
28/01/2014,4.28469259723965
29/01/2014,4.28544542032622
30/01/2014,4.2861982434128
31/01/2014,4.28695106649937
01/02/2014,4.28770388958595
02/02/2014,4.28845671267252
03/02/2014,4.2892095357591
04/02/2014,4.28996235884567
05/02/2014,4.29071518193225
06/02/2014,4.29146800501882
07/02/2014,4.2922208281054
08/02/2014,4.29297365119197
09/02/2014,4.29372647427854
10/02/2014,4.29447929736512
11/02/2014,4.29523212045169
12/02/2014,4.29598494353827
13/02/2014,4.29673776662484
14/02/2014,4.29749058971142
15/02/2014,4.29824341279799
16/02/2014,4.29899623588457
17/02/2014,4.29974905897114
18/02/2014,4.30050188205772
19/02/2014,4.30125470514429
20/02/2014,4.30200752823087
21/02/2014,4.30276035131744
22/02/2014,4.30351317440402
23/02/2014,4.30426599749059
24/02/2014,4.30501882057716
25/02/2014,4.30577164366374
26/02/2014,4.30652446675031
27/02/2014,4.30727728983689
28/02/2014,4.30803011292346
01/03/2014,4.30878293601004
02/03/2014,4.30953575909661
03/03/2014,4.31028858218319
04/03/2014,4.31104140526976
05/03/2014,4.31179422835634
06/03/2014,4.31254705144291
07/03/2014,4.31329987452949
08/03/2014,4.31405269761606
09/03/2014,4.31480552070263
10/03/2014,4.31555834378921
11/03/2014,4.31631116687578
12/03/2014,4.31706398996236
13/03/2014,4.31781681304893
14/03/2014,4.31856963613551
15/03/2014,4.31932245922208
16/03/2014,4.32007528230866
17/03/2014,4.32082810539523
18/03/2014,4.32158092848181
19/03/2014,4.32233375156838
20/03/2014,4.32308657465496
21/03/2014,4.32383939774153
22/03/2014,4.32459222082811
23/03/2014,4.32534504391468
24/03/2014,4.32609786700125
25/03/2014,4.32685069008783
26/03/2014,4.3276035131744
27/03/2014,4.32835633626098
28/03/2014,4.32910915934755
29/03/2014,4.32986198243413
30/03/2014,4.3306148055207
31/03/2014,4.33136762860728
01/04/2014,4.33212045169385
02/04/2014,4.33287327478043
03/04/2014,4.333626097867
04/04/2014,4.33437892095358
05/04/2014,4.33513174404015
06/04/2014,4.33588456712673
07/04/2014,4.3366373902133
08/04/2014,4.33739021329987
09/04/2014,4.33814303638645
10/04/2014,4.33889585947302
11/04/2014,4.3396486825596
12/04/2014,4.34040150564617
13/04/2014,4.34115432873275
14/04/2014,4.34190715181932
15/04/2014,4.3426599749059
16/04/2014,4.34341279799247
17/04/2014,4.34416562107905
18/04/2014,4.34491844416562
19/04/2014,4.3456712672522
20/04/2014,4.34642409033877
21/04/2014,4.34717691342535
22/04/2014,4.34792973651192
23/04/2014,4.34868255959849
24/04/2014,4.34943538268507
25/04/2014,4.35018820577164
26/04/2014,4.35094102885822
27/04/2014,4.35169385194479
28/04/2014,4.35244667503137
29/04/2014,4.35319949811794
30/04/2014,4.35395232120452
01/05/2014,4.35470514429109
02/05/2014,4.35545796737767
03/05/2014,4.35621079046424
04/05/2014,4.35696361355082
05/05/2014,4.35771643663739
06/05/2014,4.35846925972397
07/05/2014,4.35922208281054
08/05/2014,4.35997490589711
09/05/2014,4.36072772898369
10/05/2014,4.36148055207026
11/05/2014,4.36223337515684
12/05/2014,4.36298619824341
13/05/2014,4.36373902132999
14/05/2014,4.36449184441656
15/05/2014,4.36524466750314
16/05/2014,4.36599749058971
17/05/2014,4.36675031367629
18/05/2014,4.36750313676286
19/05/2014,4.36825595984944
20/05/2014,4.36900878293601
21/05/2014,4.36976160602258
22/05/2014,4.37051442910916
23/05/2014,4.37126725219573
24/05/2014,4.37202007528231
25/05/2014,4.37277289836888
26/05/2014,4.37352572145546
27/05/2014,4.37427854454203
28/05/2014,4.37503136762861
29/05/2014,4.37578419071518
30/05/2014,4.37653701380176
31/05/2014,4.37728983688833
01/06/2014,4.37804265997491
02/06/2014,4.37879548306148
03/06/2014,4.37954830614806
04/06/2014,4.38030112923463
05/06/2014,4.3810539523212
06/06/2014,4.38180677540778
07/06/2014,4.38255959849435
08/06/2014,4.38331242158093
09/06/2014,4.3840652446675
10/06/2014,4.38481806775408
11/06/2014,4.38557089084065
12/06/2014,4.38632371392723
13/06/2014,4.3870765370138
14/06/2014,4.38782936010038
15/06/2014,4.38858218318695
16/06/2014,4.38933500627353
17/06/2014,4.3900878293601
18/06/2014,4.39084065244668
19/06/2014,4.39159347553325
20/06/2014,4.39234629861982
21/06/2014,4.3930991217064
22/06/2014,4.39385194479297
23/06/2014,4.39460476787955
24/06/2014,4.39535759096612
25/06/2014,4.3961104140527
26/06/2014,4.39686323713927
27/06/2014,4.39761606022585
28/06/2014,4.39836888331242
29/06/2014,4.399121706399
30/06/2014,4.39987452948557
01/07/2014,4.40062735257215
02/07/2014,4.40138017565872
03/07/2014,4.4021329987453
04/07/2014,4.40288582183187
05/07/2014,4.40363864491844
06/07/2014,4.40439146800502
07/07/2014,4.40514429109159
08/07/2014,4.40589711417817
09/07/2014,4.40664993726474
10/07/2014,4.40740276035132
11/07/2014,4.40815558343789
12/07/2014,4.40890840652447
13/07/2014,4.40966122961104
14/07/2014,4.41041405269762
15/07/2014,4.41116687578419
16/07/2014,4.41191969887077
17/07/2014,4.41267252195734
18/07/2014,4.41342534504391
19/07/2014,4.41417816813049
20/07/2014,4.41493099121706
21/07/2014,4.41568381430364
22/07/2014,4.41643663739021
23/07/2014,4.41718946047679
24/07/2014,4.41794228356336
25/07/2014,4.41869510664994
26/07/2014,4.41944792973651
27/07/2014,4.42020075282309
28/07/2014,4.42095357590966
29/07/2014,4.42170639899624
30/07/2014,4.42245922208281
31/07/2014,4.42321204516939
01/08/2014,4.42396486825596
02/08/2014,4.42471769134253
03/08/2014,4.42547051442911
04/08/2014,4.42622333751568
05/08/2014,4.42697616060226
06/08/2014,4.42772898368883
07/08/2014,4.42848180677541
08/08/2014,4.42923462986198
09/08/2014,4.42998745294856
10/08/2014,4.43074027603513
11/08/2014,4.43149309912171
12/08/2014,4.43224592220828
13/08/2014,4.43299874529486
14/08/2014,4.43375156838143
15/08/2014,4.43450439146801
16/08/2014,4.43525721455458
17/08/2014,4.43601003764115
18/08/2014,4.43676286072773
19/08/2014,4.4375156838143
20/08/2014,4.43826850690088
21/08/2014,4.43902132998745
22/08/2014,4.43977415307403
23/08/2014,4.4405269761606
24/08/2014,4.44127979924718
25/08/2014,4.44203262233375
26/08/2014,4.44278544542033
27/08/2014,4.4435382685069
28/08/2014,4.44429109159348
29/08/2014,4.44504391468005
30/08/2014,4.44579673776662
31/08/2014,4.4465495608532
01/09/2014,4.44730238393977
02/09/2014,4.44805520702635
03/09/2014,4.44880803011292
04/09/2014,4.4495608531995
05/09/2014,4.45031367628607
06/09/2014,4.45106649937265
07/09/2014,4.45181932245922
08/09/2014,4.4525721455458
09/09/2014,4.45332496863237
10/09/2014,4.45407779171895
11/09/2014,4.45483061480552
12/09/2014,4.45558343789209
13/09/2014,4.45633626097867
14/09/2014,4.45708908406524
15/09/2014,4.45784190715182
16/09/2014,4.45859473023839
17/09/2014,4.45934755332497
18/09/2014,4.46010037641154
19/09/2014,4.46085319949812
20/09/2014,4.46160602258469
21/09/2014,4.46235884567127
22/09/2014,4.46311166875784
23/09/2014,4.46386449184442
24/09/2014,4.46461731493099
25/09/2014,4.46537013801757
26/09/2014,4.46612296110414
27/09/2014,4.46687578419072
28/09/2014,4.46762860727729
29/09/2014,4.46838143036386
30/09/2014,4.46913425345044
01/10/2014,4.46988707653701
02/10/2014,4.47063989962359
03/10/2014,4.47139272271016
04/10/2014,4.47214554579674
05/10/2014,4.47289836888331
06/10/2014,4.47365119196989
07/10/2014,4.47440401505646
08/10/2014,4.47515683814304
09/10/2014,4.47590966122961
10/10/2014,4.47666248431619
11/10/2014,4.47741530740276
12/10/2014,4.47816813048934
13/10/2014,4.47892095357591
14/10/2014,4.47967377666248
15/10/2014,4.48042659974906
16/10/2014,4.48117942283563
17/10/2014,4.48193224592221
18/10/2014,4.48268506900878
19/10/2014,4.48343789209536
20/10/2014,4.48419071518193
21/10/2014,4.48494353826851
22/10/2014,4.48569636135508
23/10/2014,4.48644918444166
24/10/2014,4.48720200752823
25/10/2014,4.48795483061481
26/10/2014,4.48870765370138
27/10/2014,4.48946047678795
28/10/2014,4.49021329987453
29/10/2014,4.4909661229611
30/10/2014,4.49171894604768
31/10/2014,4.49247176913425
01/11/2014,4.49322459222083
02/11/2014,4.4939774153074
03/11/2014,4.49473023839398
04/11/2014,4.49548306148055
05/11/2014,4.49623588456713
06/11/2014,4.4969887076537
07/11/2014,4.49774153074028
08/11/2014,4.49849435382685
09/11/2014,4.49924717691342
10/11/2014,4.5
11/11/2014,4.50060240963855
12/11/2014,4.50120481927711
13/11/2014,4.50180722891566
14/11/2014,4.50240963855422
15/11/2014,4.50301204819277
16/11/2014,4.50361445783132
17/11/2014,4.50421686746988
18/11/2014,4.50481927710843
19/11/2014,4.50542168674699
20/11/2014,4.50602409638554
21/11/2014,4.5066265060241
22/11/2014,4.50722891566265
23/11/2014,4.50783132530121
24/11/2014,4.50843373493976
25/11/2014,4.50903614457831
26/11/2014,4.50963855421687
27/11/2014,4.51024096385542
28/11/2014,4.51084337349398
29/11/2014,4.51144578313253
30/11/2014,4.51204819277108
01/12/2014,4.51265060240964
02/12/2014,4.51325301204819
03/12/2014,4.51385542168675
04/12/2014,4.5144578313253
05/12/2014,4.51506024096386
06/12/2014,4.51566265060241
07/12/2014,4.51626506024096
08/12/2014,4.51686746987952
09/12/2014,4.51746987951807
10/12/2014,4.51807228915663
11/12/2014,4.51867469879518
12/12/2014,4.51927710843374
13/12/2014,4.51987951807229
14/12/2014,4.52048192771084
15/12/2014,4.5210843373494
16/12/2014,4.52168674698795
17/12/2014,4.52228915662651
18/12/2014,4.52289156626506
19/12/2014,4.52349397590361
20/12/2014,4.52409638554217
21/12/2014,4.52469879518072
22/12/2014,4.52530120481928
23/12/2014,4.52590361445783
24/12/2014,4.52650602409639
25/12/2014,4.52710843373494
26/12/2014,4.52771084337349
27/12/2014,4.52831325301205
28/12/2014,4.5289156626506
29/12/2014,4.52951807228916
30/12/2014,4.53012048192771
31/12/2014,4.53072289156627
01/01/2015,4.53132530120482
02/01/2015,4.53192771084337
03/01/2015,4.53253012048193
04/01/2015,4.53313253012048
05/01/2015,4.53373493975904
06/01/2015,4.53433734939759
07/01/2015,4.53493975903614
08/01/2015,4.5355421686747
09/01/2015,4.53614457831325
10/01/2015,4.53674698795181
11/01/2015,4.53734939759036
12/01/2015,4.53795180722892
13/01/2015,4.53855421686747
14/01/2015,4.53915662650602
15/01/2015,4.53975903614458
16/01/2015,4.54036144578313
17/01/2015,4.54096385542169
18/01/2015,4.54156626506024
19/01/2015,4.54216867469879
20/01/2015,4.54277108433735
21/01/2015,4.5433734939759
22/01/2015,4.54397590361446
23/01/2015,4.54457831325301
24/01/2015,4.54518072289157
25/01/2015,4.54578313253012
26/01/2015,4.54638554216867
27/01/2015,4.54698795180723
28/01/2015,4.54759036144578
29/01/2015,4.54819277108434
30/01/2015,4.54879518072289
31/01/2015,4.54939759036145
01/02/2015,4.55
02/02/2015,4.55060240963855
03/02/2015,4.55120481927711
04/02/2015,4.55180722891566
05/02/2015,4.55240963855422
06/02/2015,4.55301204819277
07/02/2015,4.55361445783133
08/02/2015,4.55421686746988
09/02/2015,4.55481927710843
10/02/2015,4.55542168674699
11/02/2015,4.55602409638554
12/02/2015,4.5566265060241
13/02/2015,4.55722891566265
14/02/2015,4.5578313253012
15/02/2015,4.55843373493976
16/02/2015,4.55903614457831
17/02/2015,4.55963855421687
18/02/2015,4.56024096385542
19/02/2015,4.56084337349398
20/02/2015,4.56144578313253
21/02/2015,4.56204819277108
22/02/2015,4.56265060240964
23/02/2015,4.56325301204819
24/02/2015,4.56385542168675
25/02/2015,4.5644578313253
26/02/2015,4.56506024096386
27/02/2015,4.56566265060241
28/02/2015,4.56626506024096
01/03/2015,4.56686746987952
02/03/2015,4.56746987951807
03/03/2015,4.56807228915663
04/03/2015,4.56867469879518
05/03/2015,4.56927710843374
06/03/2015,4.56987951807229
07/03/2015,4.57048192771084
08/03/2015,4.5710843373494
09/03/2015,4.57168674698795
10/03/2015,4.57228915662651
11/03/2015,4.57289156626506
12/03/2015,4.57349397590361
13/03/2015,4.57409638554217
14/03/2015,4.57469879518072
15/03/2015,4.57530120481928
16/03/2015,4.57590361445783
17/03/2015,4.57650602409639
18/03/2015,4.57710843373494
19/03/2015,4.57771084337349
20/03/2015,4.57831325301205
21/03/2015,4.5789156626506
22/03/2015,4.57951807228916
23/03/2015,4.58012048192771
24/03/2015,4.58072289156627
25/03/2015,4.58132530120482
26/03/2015,4.58192771084337
27/03/2015,4.58253012048193
28/03/2015,4.58313253012048
29/03/2015,4.58373493975904
30/03/2015,4.58433734939759
31/03/2015,4.58493975903614
01/04/2015,4.5855421686747
02/04/2015,4.58614457831325
03/04/2015,4.58674698795181
04/04/2015,4.58734939759036
05/04/2015,4.58795180722892
06/04/2015,4.58855421686747
07/04/2015,4.58915662650602
08/04/2015,4.58975903614458
09/04/2015,4.59036144578313
10/04/2015,4.59096385542169
11/04/2015,4.59156626506024
12/04/2015,4.59216867469879
13/04/2015,4.59277108433735
14/04/2015,4.5933734939759
15/04/2015,4.59397590361446
16/04/2015,4.59457831325301
17/04/2015,4.59518072289157
18/04/2015,4.59578313253012
19/04/2015,4.59638554216868
20/04/2015,4.59698795180723
21/04/2015,4.59759036144578
22/04/2015,4.59819277108434
23/04/2015,4.59879518072289
24/04/2015,4.59939759036145
25/04/2015,4.6
26/04/2015,4.60060240963855
27/04/2015,4.60120481927711
28/04/2015,4.60180722891566
29/04/2015,4.60240963855422
30/04/2015,4.60301204819277
01/05/2015,4.60361445783133
02/05/2015,4.60421686746988
03/05/2015,4.60481927710843
04/05/2015,4.60542168674699
05/05/2015,4.60602409638554
06/05/2015,4.6066265060241
07/05/2015,4.60722891566265
08/05/2015,4.60783132530121
09/05/2015,4.60843373493976
10/05/2015,4.60903614457831
11/05/2015,4.60963855421687
12/05/2015,4.61024096385542
13/05/2015,4.61084337349398
14/05/2015,4.61144578313253
15/05/2015,4.61204819277108
16/05/2015,4.61265060240964
17/05/2015,4.61325301204819
18/05/2015,4.61385542168675
19/05/2015,4.6144578313253
20/05/2015,4.61506024096386
21/05/2015,4.61566265060241
22/05/2015,4.61626506024096
23/05/2015,4.61686746987952
24/05/2015,4.61746987951807
25/05/2015,4.61807228915663
26/05/2015,4.61867469879518
27/05/2015,4.61927710843374
28/05/2015,4.61987951807229
29/05/2015,4.62048192771084
30/05/2015,4.6210843373494
31/05/2015,4.62168674698795
01/06/2015,4.62228915662651
02/06/2015,4.62289156626506
03/06/2015,4.62349397590361
04/06/2015,4.62409638554217
05/06/2015,4.62469879518072
06/06/2015,4.62530120481928
07/06/2015,4.62590361445783
08/06/2015,4.62650602409639
09/06/2015,4.62710843373494
10/06/2015,4.62771084337349
11/06/2015,4.62831325301205
12/06/2015,4.6289156626506
13/06/2015,4.62951807228916
14/06/2015,4.63012048192771
15/06/2015,4.63072289156626
16/06/2015,4.63132530120482
17/06/2015,4.63192771084337
18/06/2015,4.63253012048193
19/06/2015,4.63313253012048
20/06/2015,4.63373493975904
21/06/2015,4.63433734939759
22/06/2015,4.63493975903614
23/06/2015,4.6355421686747
24/06/2015,4.63614457831325
25/06/2015,4.63674698795181
26/06/2015,4.63734939759036
27/06/2015,4.63795180722892
28/06/2015,4.63855421686747
29/06/2015,4.63915662650602
30/06/2015,4.63975903614458
01/07/2015,4.64036144578313
02/07/2015,4.64096385542169
03/07/2015,4.64156626506024
04/07/2015,4.6421686746988
05/07/2015,4.64277108433735
06/07/2015,4.6433734939759
07/07/2015,4.64397590361446
08/07/2015,4.64457831325301
09/07/2015,4.64518072289157
10/07/2015,4.64578313253012
11/07/2015,4.64638554216867
12/07/2015,4.64698795180723
13/07/2015,4.64759036144578
14/07/2015,4.64819277108434
15/07/2015,4.64879518072289
16/07/2015,4.64939759036145
17/07/2015,4.65
18/07/2015,4.65060240963855
19/07/2015,4.65120481927711
20/07/2015,4.65180722891566
21/07/2015,4.65240963855422
22/07/2015,4.65301204819277
23/07/2015,4.65361445783133
24/07/2015,4.65421686746988
25/07/2015,4.65481927710843
26/07/2015,4.65542168674699
27/07/2015,4.65602409638554
28/07/2015,4.6566265060241
29/07/2015,4.65722891566265
30/07/2015,4.6578313253012
31/07/2015,4.65843373493976
01/08/2015,4.65903614457831
02/08/2015,4.65963855421687
03/08/2015,4.66024096385542
04/08/2015,4.66084337349398
05/08/2015,4.66144578313253
06/08/2015,4.66204819277108
07/08/2015,4.66265060240964
08/08/2015,4.66325301204819
09/08/2015,4.66385542168675
10/08/2015,4.6644578313253
11/08/2015,4.66506024096386
12/08/2015,4.66566265060241
13/08/2015,4.66626506024096
14/08/2015,4.66686746987952
15/08/2015,4.66746987951807
16/08/2015,4.66807228915663
17/08/2015,4.66867469879518
18/08/2015,4.66927710843374
19/08/2015,4.66987951807229
20/08/2015,4.67048192771084
21/08/2015,4.6710843373494
22/08/2015,4.67168674698795
23/08/2015,4.67228915662651
24/08/2015,4.67289156626506
25/08/2015,4.67349397590361
26/08/2015,4.67409638554217
27/08/2015,4.67469879518072
28/08/2015,4.67530120481928
29/08/2015,4.67590361445783
30/08/2015,4.67650602409639
31/08/2015,4.67710843373494
01/09/2015,4.67771084337349
02/09/2015,4.67831325301205
03/09/2015,4.6789156626506
04/09/2015,4.67951807228916
05/09/2015,4.68012048192771
06/09/2015,4.68072289156626
07/09/2015,4.68132530120482
08/09/2015,4.68192771084337
09/09/2015,4.68253012048193
10/09/2015,4.68313253012048
11/09/2015,4.68373493975904
12/09/2015,4.68433734939759
13/09/2015,4.68493975903614
14/09/2015,4.6855421686747
15/09/2015,4.68614457831325
16/09/2015,4.68674698795181
17/09/2015,4.68734939759036
18/09/2015,4.68795180722892
19/09/2015,4.68855421686747
20/09/2015,4.68915662650602
21/09/2015,4.68975903614458
22/09/2015,4.69036144578313
23/09/2015,4.69096385542169
24/09/2015,4.69156626506024
25/09/2015,4.6921686746988
26/09/2015,4.69277108433735
27/09/2015,4.6933734939759
28/09/2015,4.69397590361446
29/09/2015,4.69457831325301
30/09/2015,4.69518072289157
01/10/2015,4.69578313253012
02/10/2015,4.69638554216867
03/10/2015,4.69698795180723
04/10/2015,4.69759036144578
05/10/2015,4.69819277108434
06/10/2015,4.69879518072289
07/10/2015,4.69939759036145
08/10/2015,4.7
09/10/2015,4.70060240963855
10/10/2015,4.70120481927711
11/10/2015,4.70180722891566
12/10/2015,4.70240963855422
13/10/2015,4.70301204819277
14/10/2015,4.70361445783133
15/10/2015,4.70421686746988
16/10/2015,4.70481927710843
17/10/2015,4.70542168674699
18/10/2015,4.70602409638554
19/10/2015,4.7066265060241
20/10/2015,4.70722891566265
21/10/2015,4.7078313253012
22/10/2015,4.70843373493976
23/10/2015,4.70903614457831
24/10/2015,4.70963855421687
25/10/2015,4.71024096385542
26/10/2015,4.71084337349398
27/10/2015,4.71144578313253
28/10/2015,4.71204819277108
29/10/2015,4.71265060240964
30/10/2015,4.71325301204819
31/10/2015,4.71385542168675
01/11/2015,4.7144578313253
02/11/2015,4.71506024096386
03/11/2015,4.71566265060241
04/11/2015,4.71626506024096
05/11/2015,4.71686746987952
06/11/2015,4.71746987951807
07/11/2015,4.71807228915663
08/11/2015,4.71867469879518
09/11/2015,4.71927710843373
10/11/2015,4.71987951807229
11/11/2015,4.72048192771084
12/11/2015,4.7210843373494
13/11/2015,4.72168674698795
14/11/2015,4.72228915662651
15/11/2015,4.72289156626506
16/11/2015,4.72349397590361
17/11/2015,4.72409638554217
18/11/2015,4.72469879518072
19/11/2015,4.72530120481928
20/11/2015,4.72590361445783
21/11/2015,4.72650602409639
22/11/2015,4.72710843373494
23/11/2015,4.72771084337349
24/11/2015,4.72831325301205
25/11/2015,4.7289156626506
26/11/2015,4.72951807228916
27/11/2015,4.73012048192771
28/11/2015,4.73072289156627
29/11/2015,4.73132530120482
30/11/2015,4.73192771084337
01/12/2015,4.73253012048193
02/12/2015,4.73313253012048
03/12/2015,4.73373493975904
04/12/2015,4.73433734939759
05/12/2015,4.73493975903614
06/12/2015,4.7355421686747
07/12/2015,4.73614457831325
08/12/2015,4.73674698795181
09/12/2015,4.73734939759036
10/12/2015,4.73795180722892
11/12/2015,4.73855421686747
12/12/2015,4.73915662650602
13/12/2015,4.73975903614458
14/12/2015,4.74036144578313
15/12/2015,4.74096385542169
16/12/2015,4.74156626506024
17/12/2015,4.7421686746988
18/12/2015,4.74277108433735
19/12/2015,4.7433734939759
20/12/2015,4.74397590361446
21/12/2015,4.74457831325301
22/12/2015,4.74518072289157
23/12/2015,4.74578313253012
24/12/2015,4.74638554216867
25/12/2015,4.74698795180723
26/12/2015,4.74759036144578
27/12/2015,4.74819277108434
28/12/2015,4.74879518072289
29/12/2015,4.74939759036145
30/12/2015,4.75
31/12/2015,4.75060240963855
01/01/2016,4.75120481927711
02/01/2016,4.75180722891566
03/01/2016,4.75240963855422
04/01/2016,4.75301204819277
05/01/2016,4.75361445783133
06/01/2016,4.75421686746988
07/01/2016,4.75481927710843
08/01/2016,4.75542168674699
09/01/2016,4.75602409638554
10/01/2016,4.7566265060241
11/01/2016,4.75722891566265
12/01/2016,4.75783132530121
13/01/2016,4.75843373493976
14/01/2016,4.75903614457831
15/01/2016,4.75963855421687
16/01/2016,4.76024096385542
17/01/2016,4.76084337349398
18/01/2016,4.76144578313253
19/01/2016,4.76204819277108
20/01/2016,4.76265060240964
21/01/2016,4.76325301204819
22/01/2016,4.76385542168675
23/01/2016,4.7644578313253
24/01/2016,4.76506024096386
25/01/2016,4.76566265060241
26/01/2016,4.76626506024096
27/01/2016,4.76686746987952
28/01/2016,4.76746987951807
29/01/2016,4.76807228915663
30/01/2016,4.76867469879518
31/01/2016,4.76927710843373
01/02/2016,4.76987951807229
02/02/2016,4.77048192771084
03/02/2016,4.7710843373494
04/02/2016,4.77168674698795
05/02/2016,4.77228915662651
06/02/2016,4.77289156626506
07/02/2016,4.77349397590361
08/02/2016,4.77409638554217
09/02/2016,4.77469879518072
10/02/2016,4.77530120481928
11/02/2016,4.77590361445783
12/02/2016,4.77650602409639
13/02/2016,4.77710843373494
14/02/2016,4.77771084337349
15/02/2016,4.77831325301205
16/02/2016,4.7789156626506
17/02/2016,4.77951807228916
18/02/2016,4.78012048192771
19/02/2016,4.78072289156627
20/02/2016,4.78132530120482
21/02/2016,4.78192771084337
22/02/2016,4.78253012048193
23/02/2016,4.78313253012048
24/02/2016,4.78373493975904
25/02/2016,4.78433734939759
26/02/2016,4.78493975903614
27/02/2016,4.7855421686747
28/02/2016,4.78614457831325
29/02/2016,4.78674698795181
01/03/2016,4.78734939759036
02/03/2016,4.78795180722892
03/03/2016,4.78855421686747
04/03/2016,4.78915662650602
05/03/2016,4.78975903614458
06/03/2016,4.79036144578313
07/03/2016,4.79096385542169
08/03/2016,4.79156626506024
09/03/2016,4.79216867469879
10/03/2016,4.79277108433735
11/03/2016,4.7933734939759
12/03/2016,4.79397590361446
13/03/2016,4.79457831325301
14/03/2016,4.79518072289157
15/03/2016,4.79578313253012
16/03/2016,4.79638554216868
17/03/2016,4.79698795180723
18/03/2016,4.79759036144578
19/03/2016,4.79819277108434
20/03/2016,4.79879518072289
21/03/2016,4.79939759036145
22/03/2016,4.8
23/03/2016,4.80060240963855
24/03/2016,4.80120481927711
25/03/2016,4.80180722891566
26/03/2016,4.80240963855422
27/03/2016,4.80301204819277
28/03/2016,4.80361445783133
29/03/2016,4.80421686746988
30/03/2016,4.80481927710843
31/03/2016,4.80542168674699
01/04/2016,4.80602409638554
02/04/2016,4.8066265060241
03/04/2016,4.80722891566265
04/04/2016,4.8078313253012
05/04/2016,4.80843373493976
06/04/2016,4.80903614457831
07/04/2016,4.80963855421687
08/04/2016,4.81024096385542
09/04/2016,4.81084337349398
10/04/2016,4.81144578313253
11/04/2016,4.81204819277108
12/04/2016,4.81265060240964
13/04/2016,4.81325301204819
14/04/2016,4.81385542168675
15/04/2016,4.8144578313253
16/04/2016,4.81506024096386
17/04/2016,4.81566265060241
18/04/2016,4.81626506024096
19/04/2016,4.81686746987952
20/04/2016,4.81746987951807
21/04/2016,4.81807228915663
22/04/2016,4.81867469879518
23/04/2016,4.81927710843373
24/04/2016,4.81987951807229
25/04/2016,4.82048192771084
26/04/2016,4.8210843373494
27/04/2016,4.82168674698795
28/04/2016,4.82228915662651
29/04/2016,4.82289156626506
30/04/2016,4.82349397590361
01/05/2016,4.82409638554217
02/05/2016,4.82469879518072
03/05/2016,4.82530120481928
04/05/2016,4.82590361445783
05/05/2016,4.82650602409639
06/05/2016,4.82710843373494
07/05/2016,4.82771084337349
08/05/2016,4.82831325301205
09/05/2016,4.8289156626506
10/05/2016,4.82951807228916
11/05/2016,4.83012048192771
12/05/2016,4.83072289156627
13/05/2016,4.83132530120482
14/05/2016,4.83192771084337
15/05/2016,4.83253012048193
16/05/2016,4.83313253012048
17/05/2016,4.83373493975904
18/05/2016,4.83433734939759
19/05/2016,4.83493975903614
20/05/2016,4.8355421686747
21/05/2016,4.83614457831325
22/05/2016,4.83674698795181
23/05/2016,4.83734939759036
24/05/2016,4.83795180722892
25/05/2016,4.83855421686747
26/05/2016,4.83915662650602
27/05/2016,4.83975903614458
28/05/2016,4.84036144578313
29/05/2016,4.84096385542169
30/05/2016,4.84156626506024
31/05/2016,4.8421686746988
01/06/2016,4.84277108433735
02/06/2016,4.8433734939759
03/06/2016,4.84397590361446
04/06/2016,4.84457831325301
05/06/2016,4.84518072289157
06/06/2016,4.84578313253012
07/06/2016,4.84638554216867
08/06/2016,4.84698795180723
09/06/2016,4.84759036144578
10/06/2016,4.84819277108434
11/06/2016,4.84879518072289
12/06/2016,4.84939759036145
13/06/2016,4.85
14/06/2016,4.85060240963855
15/06/2016,4.85120481927711
16/06/2016,4.85180722891566
17/06/2016,4.85240963855422
18/06/2016,4.85301204819277
19/06/2016,4.85361445783133
20/06/2016,4.85421686746988
21/06/2016,4.85481927710843
22/06/2016,4.85542168674699
23/06/2016,4.85602409638554
24/06/2016,4.8566265060241
25/06/2016,4.85722891566265
26/06/2016,4.8578313253012
27/06/2016,4.85843373493976
28/06/2016,4.85903614457831
29/06/2016,4.85963855421687
30/06/2016,4.86024096385542
01/07/2016,4.86084337349398
02/07/2016,4.86144578313253
03/07/2016,4.86204819277108
04/07/2016,4.86265060240964
05/07/2016,4.86325301204819
06/07/2016,4.86385542168675
07/07/2016,4.8644578313253
08/07/2016,4.86506024096385
09/07/2016,4.86566265060241
10/07/2016,4.86626506024096
11/07/2016,4.86686746987952
12/07/2016,4.86746987951807
13/07/2016,4.86807228915663
14/07/2016,4.86867469879518
15/07/2016,4.86927710843374
16/07/2016,4.86987951807229
17/07/2016,4.87048192771084
18/07/2016,4.8710843373494
19/07/2016,4.87168674698795
20/07/2016,4.87228915662651
21/07/2016,4.87289156626506
22/07/2016,4.87349397590361
23/07/2016,4.87409638554217
24/07/2016,4.87469879518072
25/07/2016,4.87530120481928
26/07/2016,4.87590361445783
27/07/2016,4.87650602409639
28/07/2016,4.87710843373494
29/07/2016,4.87771084337349
30/07/2016,4.87831325301205
31/07/2016,4.8789156626506
01/08/2016,4.87951807228916
02/08/2016,4.88012048192771
03/08/2016,4.88072289156626
04/08/2016,4.88132530120482
05/08/2016,4.88192771084337
06/08/2016,4.88253012048193
07/08/2016,4.88313253012048
08/08/2016,4.88373493975904
09/08/2016,4.88433734939759
10/08/2016,4.88493975903615
11/08/2016,4.8855421686747
12/08/2016,4.88614457831325
13/08/2016,4.88674698795181
14/08/2016,4.88734939759036
15/08/2016,4.88795180722892
16/08/2016,4.88855421686747
17/08/2016,4.88915662650602
18/08/2016,4.88975903614458
19/08/2016,4.89036144578313
20/08/2016,4.89096385542169
21/08/2016,4.89156626506024
22/08/2016,4.89216867469879
23/08/2016,4.89277108433735
24/08/2016,4.8933734939759
25/08/2016,4.89397590361446
26/08/2016,4.89457831325301
27/08/2016,4.89518072289157
28/08/2016,4.89578313253012
29/08/2016,4.89638554216867
30/08/2016,4.89698795180723
31/08/2016,4.89759036144578
01/09/2016,4.89819277108434
02/09/2016,4.89879518072289
03/09/2016,4.89939759036145
04/09/2016,4.9
05/09/2016,4.90060240963855
06/09/2016,4.90120481927711
07/09/2016,4.90180722891566
08/09/2016,4.90240963855422
09/09/2016,4.90301204819277
10/09/2016,4.90361445783133
11/09/2016,4.90421686746988
12/09/2016,4.90481927710843
13/09/2016,4.90542168674699
14/09/2016,4.90602409638554
15/09/2016,4.9066265060241
16/09/2016,4.90722891566265
17/09/2016,4.9078313253012
18/09/2016,4.90843373493976
19/09/2016,4.90903614457831
20/09/2016,4.90963855421687
21/09/2016,4.91024096385542
22/09/2016,4.91084337349398
23/09/2016,4.91144578313253
24/09/2016,4.91204819277108
25/09/2016,4.91265060240964
26/09/2016,4.91325301204819
27/09/2016,4.91385542168675
28/09/2016,4.9144578313253
29/09/2016,4.91506024096386
30/09/2016,4.91566265060241
01/10/2016,4.91626506024096
02/10/2016,4.91686746987952
03/10/2016,4.91746987951807
04/10/2016,4.91807228915663
05/10/2016,4.91867469879518
06/10/2016,4.91927710843373
07/10/2016,4.91987951807229
08/10/2016,4.92048192771084
09/10/2016,4.9210843373494
10/10/2016,4.92168674698795
11/10/2016,4.92228915662651
12/10/2016,4.92289156626506
13/10/2016,4.92349397590361
14/10/2016,4.92409638554217
15/10/2016,4.92469879518072
16/10/2016,4.92530120481928
17/10/2016,4.92590361445783
18/10/2016,4.92650602409639
19/10/2016,4.92710843373494
20/10/2016,4.92771084337349
21/10/2016,4.92831325301205
22/10/2016,4.9289156626506
23/10/2016,4.92951807228916
24/10/2016,4.93012048192771
25/10/2016,4.93072289156626
26/10/2016,4.93132530120482
27/10/2016,4.93192771084337
28/10/2016,4.93253012048193
29/10/2016,4.93313253012048
30/10/2016,4.93373493975904
31/10/2016,4.93433734939759
01/11/2016,4.93493975903614
02/11/2016,4.9355421686747
03/11/2016,4.93614457831325
04/11/2016,4.93674698795181
05/11/2016,4.93734939759036
06/11/2016,4.93795180722891
07/11/2016,4.93855421686747
08/11/2016,4.93915662650602
09/11/2016,4.93975903614458
10/11/2016,4.94036144578313
11/11/2016,4.94096385542169
12/11/2016,4.94156626506024
13/11/2016,4.9421686746988
14/11/2016,4.94277108433735
15/11/2016,4.9433734939759
16/11/2016,4.94397590361446
17/11/2016,4.94457831325301
18/11/2016,4.94518072289157
19/11/2016,4.94578313253012
20/11/2016,4.94638554216867
21/11/2016,4.94698795180723
22/11/2016,4.94759036144578
23/11/2016,4.94819277108434
24/11/2016,4.94879518072289
25/11/2016,4.94939759036145
26/11/2016,4.95
27/11/2016,4.95060240963855
28/11/2016,4.95120481927711
29/11/2016,4.95180722891566
30/11/2016,4.95240963855422
01/12/2016,4.95301204819277
02/12/2016,4.95361445783132
03/12/2016,4.95421686746988
04/12/2016,4.95481927710843
05/12/2016,4.95542168674699
06/12/2016,4.95602409638554
07/12/2016,4.9566265060241
08/12/2016,4.95722891566265
09/12/2016,4.95783132530121
10/12/2016,4.95843373493976
11/12/2016,4.95903614457831
12/12/2016,4.95963855421687
13/12/2016,4.96024096385542
14/12/2016,4.96084337349398
15/12/2016,4.96144578313253
16/12/2016,4.96204819277108
17/12/2016,4.96265060240964
18/12/2016,4.96325301204819
19/12/2016,4.96385542168675
20/12/2016,4.9644578313253
21/12/2016,4.96506024096385
22/12/2016,4.96566265060241
23/12/2016,4.96626506024096
24/12/2016,4.96686746987952
25/12/2016,4.96746987951807
26/12/2016,4.96807228915663
27/12/2016,4.96867469879518
28/12/2016,4.96927710843373
29/12/2016,4.96987951807229
30/12/2016,4.97048192771084
31/12/2016,4.9710843373494
01/01/2017,4.97168674698795
02/01/2017,4.97228915662651
03/01/2017,4.97289156626506
04/01/2017,4.97349397590361
05/01/2017,4.97409638554217
06/01/2017,4.97469879518072
07/01/2017,4.97530120481928
08/01/2017,4.97590361445783
09/01/2017,4.97650602409639
10/01/2017,4.97710843373494
11/01/2017,4.97771084337349
12/01/2017,4.97831325301205
13/01/2017,4.9789156626506
14/01/2017,4.97951807228916
15/01/2017,4.98012048192771
16/01/2017,4.98072289156626
17/01/2017,4.98132530120482
18/01/2017,4.98192771084337
19/01/2017,4.98253012048193
20/01/2017,4.98313253012048
21/01/2017,4.98373493975904
22/01/2017,4.98433734939759
23/01/2017,4.98493975903614
24/01/2017,4.9855421686747
25/01/2017,4.98614457831325
26/01/2017,4.98674698795181
27/01/2017,4.98734939759036
28/01/2017,4.98795180722892
29/01/2017,4.98855421686747
30/01/2017,4.98915662650602
31/01/2017,4.98975903614458
01/02/2017,4.99036144578313
02/02/2017,4.99096385542169
03/02/2017,4.99156626506024
04/02/2017,4.9921686746988
05/02/2017,4.99277108433735
06/02/2017,4.9933734939759
07/02/2017,4.99397590361446
08/02/2017,4.99457831325301
09/02/2017,4.99518072289157
10/02/2017,4.99578313253012
11/02/2017,4.99638554216867
12/02/2017,4.99698795180723
13/02/2017,4.99759036144578
14/02/2017,4.99819277108434
15/02/2017,4.99879518072289
16/02/2017,4.99939759036145
17/02/2017,5
18/02/2017,5.00060240963855
19/02/2017,5.00120481927711
20/02/2017,5.00180722891566
21/02/2017,5.00240963855422
22/02/2017,5.00301204819277
23/02/2017,5.00361445783133
24/02/2017,5.00421686746988
25/02/2017,5.00481927710843
26/02/2017,5.00542168674699
27/02/2017,5.00602409638554
28/02/2017,5.0066265060241
01/03/2017,5.00722891566265
02/03/2017,5.0078313253012
03/03/2017,5.00843373493976
04/03/2017,5.00903614457831
05/03/2017,5.00963855421687
06/03/2017,5.01024096385542
07/03/2017,5.01084337349398
08/03/2017,5.01144578313253
09/03/2017,5.01204819277108
10/03/2017,5.01265060240964
11/03/2017,5.01325301204819
12/03/2017,5.01385542168675
13/03/2017,5.0144578313253
14/03/2017,5.01506024096386
15/03/2017,5.01566265060241
16/03/2017,5.01626506024096
17/03/2017,5.01686746987952
18/03/2017,5.01746987951807
19/03/2017,5.01807228915663
20/03/2017,5.01867469879518
21/03/2017,5.01927710843373
22/03/2017,5.01987951807229
23/03/2017,5.02048192771084
24/03/2017,5.0210843373494
25/03/2017,5.02168674698795
26/03/2017,5.02228915662651
27/03/2017,5.02289156626506
28/03/2017,5.02349397590361
29/03/2017,5.02409638554217
30/03/2017,5.02469879518072
31/03/2017,5.02530120481928
01/04/2017,5.02590361445783
02/04/2017,5.02650602409638
03/04/2017,5.02710843373494
04/04/2017,5.02771084337349
05/04/2017,5.02831325301205
06/04/2017,5.0289156626506
07/04/2017,5.02951807228916
08/04/2017,5.03012048192771
09/04/2017,5.03072289156627
10/04/2017,5.03132530120482
11/04/2017,5.03192771084337
12/04/2017,5.03253012048193
13/04/2017,5.03313253012048
14/04/2017,5.03373493975904
15/04/2017,5.03433734939759
16/04/2017,5.03493975903614
17/04/2017,5.0355421686747
18/04/2017,5.03614457831325
19/04/2017,5.03674698795181
20/04/2017,5.03734939759036
21/04/2017,5.03795180722892
22/04/2017,5.03855421686747
23/04/2017,5.03915662650602
24/04/2017,5.03975903614458
25/04/2017,5.04036144578313
26/04/2017,5.04096385542169
27/04/2017,5.04156626506024
28/04/2017,5.04216867469879
29/04/2017,5.04277108433735
30/04/2017,5.0433734939759
01/05/2017,5.04397590361446
02/05/2017,5.04457831325301
03/05/2017,5.04518072289157
04/05/2017,5.04578313253012
05/05/2017,5.04638554216867
06/05/2017,5.04698795180723
07/05/2017,5.04759036144578
08/05/2017,5.04819277108434
09/05/2017,5.04879518072289
10/05/2017,5.04939759036145
11/05/2017,5.05
12/05/2017,5.05060240963855
13/05/2017,5.05120481927711
14/05/2017,5.05180722891566
15/05/2017,5.05240963855422
16/05/2017,5.05301204819277
17/05/2017,5.05361445783133
18/05/2017,5.05421686746988
19/05/2017,5.05481927710843
20/05/2017,5.05542168674699
21/05/2017,5.05602409638554
22/05/2017,5.0566265060241
23/05/2017,5.05722891566265
24/05/2017,5.0578313253012
25/05/2017,5.05843373493976
26/05/2017,5.05903614457831
27/05/2017,5.05963855421687
28/05/2017,5.06024096385542
29/05/2017,5.06084337349398
30/05/2017,5.06144578313253
31/05/2017,5.06204819277108
01/06/2017,5.06265060240964
02/06/2017,5.06325301204819
03/06/2017,5.06385542168675
04/06/2017,5.0644578313253
05/06/2017,5.06506024096386
06/06/2017,5.06566265060241
07/06/2017,5.06626506024096
08/06/2017,5.06686746987952
09/06/2017,5.06746987951807
10/06/2017,5.06807228915663
11/06/2017,5.06867469879518
12/06/2017,5.06927710843373
13/06/2017,5.06987951807229
14/06/2017,5.07048192771084
15/06/2017,5.0710843373494
16/06/2017,5.07168674698795
17/06/2017,5.07228915662651
18/06/2017,5.07289156626506
19/06/2017,5.07349397590361
20/06/2017,5.07409638554217
21/06/2017,5.07469879518072
22/06/2017,5.07530120481928
23/06/2017,5.07590361445783
24/06/2017,5.07650602409639
25/06/2017,5.07710843373494
26/06/2017,5.07771084337349
27/06/2017,5.07831325301205
28/06/2017,5.0789156626506
29/06/2017,5.07951807228916
30/06/2017,5.08012048192771
01/07/2017,5.08072289156627
02/07/2017,5.08132530120482
03/07/2017,5.08192771084337
04/07/2017,5.08253012048193
05/07/2017,5.08313253012048
06/07/2017,5.08373493975904
07/07/2017,5.08433734939759
08/07/2017,5.08493975903614
09/07/2017,5.0855421686747
10/07/2017,5.08614457831325
11/07/2017,5.08674698795181
12/07/2017,5.08734939759036
13/07/2017,5.08795180722892
14/07/2017,5.08855421686747
15/07/2017,5.08915662650602
16/07/2017,5.08975903614458
17/07/2017,5.09036144578313
18/07/2017,5.09096385542169
19/07/2017,5.09156626506024
20/07/2017,5.0921686746988
21/07/2017,5.09277108433735
22/07/2017,5.0933734939759
23/07/2017,5.09397590361446
24/07/2017,5.09457831325301
25/07/2017,5.09518072289157
26/07/2017,5.09578313253012
27/07/2017,5.09638554216868
28/07/2017,5.09698795180723
29/07/2017,5.09759036144578
30/07/2017,5.09819277108434
31/07/2017,5.09879518072289
01/08/2017,5.09939759036145
02/08/2017,5.1
03/08/2017,5.10060240963855
04/08/2017,5.10120481927711
05/08/2017,5.10180722891566
06/08/2017,5.10240963855422
07/08/2017,5.10301204819277
08/08/2017,5.10361445783133
09/08/2017,5.10421686746988
10/08/2017,5.10481927710843
11/08/2017,5.10542168674699
12/08/2017,5.10602409638554
13/08/2017,5.1066265060241
14/08/2017,5.10722891566265
15/08/2017,5.1078313253012
16/08/2017,5.10843373493976
17/08/2017,5.10903614457831
18/08/2017,5.10963855421687
19/08/2017,5.11024096385542
20/08/2017,5.11084337349398
21/08/2017,5.11144578313253
22/08/2017,5.11204819277108
23/08/2017,5.11265060240964
24/08/2017,5.11325301204819
25/08/2017,5.11385542168675
26/08/2017,5.1144578313253
27/08/2017,5.11506024096386
28/08/2017,5.11566265060241
29/08/2017,5.11626506024096
30/08/2017,5.11686746987952
31/08/2017,5.11746987951807
01/09/2017,5.11807228915663
02/09/2017,5.11867469879518
03/09/2017,5.11927710843374
04/09/2017,5.11987951807229
05/09/2017,5.12048192771084
06/09/2017,5.1210843373494
07/09/2017,5.12168674698795
08/09/2017,5.12228915662651
09/09/2017,5.12289156626506
10/09/2017,5.12349397590361
11/09/2017,5.12409638554217
12/09/2017,5.12469879518072
13/09/2017,5.12530120481928
14/09/2017,5.12590361445783
15/09/2017,5.12650602409639
16/09/2017,5.12710843373494
17/09/2017,5.12771084337349
18/09/2017,5.12831325301205
19/09/2017,5.1289156626506
20/09/2017,5.12951807228916
21/09/2017,5.13012048192771
22/09/2017,5.13072289156626
23/09/2017,5.13132530120482
24/09/2017,5.13192771084337
25/09/2017,5.13253012048193
26/09/2017,5.13313253012048
27/09/2017,5.13373493975904
28/09/2017,5.13433734939759
29/09/2017,5.13493975903615
30/09/2017,5.1355421686747
01/10/2017,5.13614457831325
02/10/2017,5.13674698795181
03/10/2017,5.13734939759036
04/10/2017,5.13795180722892
05/10/2017,5.13855421686747
06/10/2017,5.13915662650602
07/10/2017,5.13975903614458
08/10/2017,5.14036144578313
09/10/2017,5.14096385542169
10/10/2017,5.14156626506024
11/10/2017,5.1421686746988
12/10/2017,5.14277108433735
13/10/2017,5.1433734939759
14/10/2017,5.14397590361446
15/10/2017,5.14457831325301
16/10/2017,5.14518072289157
17/10/2017,5.14578313253012
18/10/2017,5.14638554216867
19/10/2017,5.14698795180723
20/10/2017,5.14759036144578
21/10/2017,5.14819277108434
22/10/2017,5.14879518072289
23/10/2017,5.14939759036145
24/10/2017,5.15
25/10/2017,5.15060240963855
26/10/2017,5.15120481927711
27/10/2017,5.15180722891566
28/10/2017,5.15240963855422
29/10/2017,5.15301204819277
30/10/2017,5.15361445783133
31/10/2017,5.15421686746988
01/11/2017,5.15481927710843
02/11/2017,5.15542168674699
03/11/2017,5.15602409638554
04/11/2017,5.1566265060241
05/11/2017,5.15722891566265
06/11/2017,5.1578313253012
07/11/2017,5.15843373493976
08/11/2017,5.15903614457831
09/11/2017,5.15963855421687
10/11/2017,5.16024096385542
11/11/2017,5.16084337349398
12/11/2017,5.16144578313253
13/11/2017,5.16204819277108
14/11/2017,5.16265060240964
15/11/2017,5.16325301204819
16/11/2017,5.16385542168675
17/11/2017,5.1644578313253
18/11/2017,5.16506024096386
19/11/2017,5.16566265060241
20/11/2017,5.16626506024096
21/11/2017,5.16686746987952
22/11/2017,5.16746987951807
23/11/2017,5.16807228915663
24/11/2017,5.16867469879518
25/11/2017,5.16927710843374
26/11/2017,5.16987951807229
27/11/2017,5.17048192771084
28/11/2017,5.1710843373494
29/11/2017,5.17168674698795
30/11/2017,5.17228915662651
01/12/2017,5.17289156626506
02/12/2017,5.17349397590361
03/12/2017,5.17409638554217
04/12/2017,5.17469879518072
05/12/2017,5.17530120481928
06/12/2017,5.17590361445783
07/12/2017,5.17650602409639
08/12/2017,5.17710843373494
09/12/2017,5.17771084337349
10/12/2017,5.17831325301205
11/12/2017,5.1789156626506
12/12/2017,5.17951807228916
13/12/2017,5.18012048192771
14/12/2017,5.18072289156627
15/12/2017,5.18132530120482
16/12/2017,5.18192771084337
17/12/2017,5.18253012048193
18/12/2017,5.18313253012048
19/12/2017,5.18373493975904
20/12/2017,5.18433734939759
21/12/2017,5.18493975903614
22/12/2017,5.1855421686747
23/12/2017,5.18614457831325
24/12/2017,5.18674698795181
25/12/2017,5.18734939759036
26/12/2017,5.18795180722892
27/12/2017,5.18855421686747
28/12/2017,5.18915662650602
29/12/2017,5.18975903614458
30/12/2017,5.19036144578313
31/12/2017,5.19096385542169
01/01/2018,5.19156626506024
02/01/2018,5.1921686746988
03/01/2018,5.19277108433735
04/01/2018,5.1933734939759
05/01/2018,5.19397590361446
06/01/2018,5.19457831325301
07/01/2018,5.19518072289157
08/01/2018,5.19578313253012
09/01/2018,5.19638554216867
10/01/2018,5.19698795180723
11/01/2018,5.19759036144578
12/01/2018,5.19819277108434
13/01/2018,5.19879518072289
14/01/2018,5.19939759036145
15/01/2018,5.2
16/01/2018,5.20060240963855
17/01/2018,5.20120481927711
18/01/2018,5.20180722891566
19/01/2018,5.20240963855422
20/01/2018,5.20301204819277
21/01/2018,5.20361445783132
22/01/2018,5.20421686746988
23/01/2018,5.20481927710843
24/01/2018,5.20542168674699
25/01/2018,5.20602409638554
26/01/2018,5.2066265060241
